file,line,type,commit,author,date,time,timezone,datetime,depth,length
style.css,1,css,2529a682,Franky,2025-10-04,22:32:24,-07:00,2025-10-04T22:32:24-07:00,0,5
style.css,2,css,2529a682,Franky,2025-10-04,22:32:24,-07:00,2025-10-04T22:32:24-07:00,1,41
style.css,3,css,2529a682,Franky,2025-10-04,22:32:24,-07:00,2025-10-04T22:32:24-07:00,1,32
style.css,4,css,2529a682,Franky,2025-10-04,22:32:24,-07:00,2025-10-04T22:32:24-07:00,0,0
style.css,5,css,2529a682,Franky,2025-10-04,22:32:24,-07:00,2025-10-04T22:32:24-07:00,0,0
style.css,6,css,ea2be03c,Franky,2025-10-11,12:20:22,-07:00,2025-10-11T12:20:22-07:00,0,4
style.css,7,css,ea2be03c,Franky,2025-10-11,12:20:22,-07:00,2025-10-11T12:20:22-07:00,1,23
style.css,8,css,ea2be03c,Franky,2025-10-11,12:20:22,-07:00,2025-10-11T12:20:22-07:00,0,0
style.css,9,css,ea2be03c,Franky,2025-10-11,12:20:22,-07:00,2025-10-11T12:20:22-07:00,0,0
style.css,10,css,65b70ad6,Franky,2025-09-30,21:05:18,-07:00,2025-09-30T21:05:18-07:00,0,4
style.css,11,css,65b70ad6,Franky,2025-09-30,21:05:18,-07:00,2025-09-30T21:05:18-07:00,1,43
style.css,12,css,65b70ad6,Franky,2025-09-30,21:05:18,-07:00,2025-09-30T21:05:18-07:00,0,42
style.css,13,css,65b70ad6,Franky,2025-09-30,21:05:18,-07:00,2025-09-30T21:05:18-07:00,0,0
style.css,14,css,65b70ad6,Franky,2025-09-30,21:05:18,-07:00,2025-09-30T21:05:18-07:00,1,23
style.css,15,css,2529a682,Franky,2025-10-04,22:32:24,-07:00,2025-10-04T22:32:24-07:00,1,15
style.css,16,css,2529a682,Franky,2025-10-04,22:32:24,-07:00,2025-10-04T22:32:24-07:00,1,42
style.css,17,css,ea2be03c,Franky,2025-10-11,12:20:22,-07:00,2025-10-11T12:20:22-07:00,0,0
style.css,18,css,2529a682,Franky,2025-10-04,22:32:24,-07:00,2025-10-04T22:32:24-07:00,0,0
style.css,19,css,2928fba3,Franky,2025-10-19,12:09:58,-07:00,2025-10-19T12:09:58-07:00,0,3
style.css,20,css,2529a682,Franky,2025-10-04,22:32:24,-07:00,2025-10-04T22:32:24-07:00,1,12
style.css,21,css,77ea2366,Franky,2025-10-11,12:34:10,-07:00,2025-10-11T12:34:10-07:00,1,10
style.css,22,css,2529a682,Franky,2025-10-04,22:32:24,-07:00,2025-10-04T22:32:24-07:00,1,17
style.css,23,css,2529a682,Franky,2025-10-04,22:32:24,-07:00,2025-10-04T22:32:24-07:00,1,13
style.css,24,css,65b70ad6,Franky,2025-09-30,21:05:18,-07:00,2025-09-30T21:05:18-07:00,0,0
style.css,25,css,65b70ad6,Franky,2025-09-30,21:05:18,-07:00,2025-09-30T21:05:18-07:00,0,0
style.css,26,css,2928fba3,Franky,2025-10-19,12:09:58,-07:00,2025-10-19T12:09:58-07:00,0,5
style.css,27,css,2529a682,Franky,2025-10-04,22:32:24,-07:00,2025-10-04T22:32:24-07:00,1,6
style.css,28,css,2529a682,Franky,2025-10-04,22:32:24,-07:00,2025-10-04T22:32:24-07:00,1,20
style.css,29,css,2529a682,Franky,2025-10-04,22:32:24,-07:00,2025-10-04T22:32:24-07:00,1,13
style.css,30,css,2529a682,Franky,2025-10-04,22:32:24,-07:00,2025-10-04T22:32:24-07:00,1,17
style.css,31,css,2529a682,Franky,2025-10-04,22:32:24,-07:00,2025-10-04T22:32:24-07:00,1,23
style.css,32,css,2529a682,Franky,2025-10-04,22:32:24,-07:00,2025-10-04T22:32:24-07:00,1,25
style.css,33,css,2529a682,Franky,2025-10-04,22:32:24,-07:00,2025-10-04T22:32:24-07:00,1,37
style.css,34,css,2529a682,Franky,2025-10-04,22:32:24,-07:00,2025-10-04T22:32:24-07:00,0,0
style.css,35,css,2529a682,Franky,2025-10-04,22:32:24,-07:00,2025-10-04T22:32:24-07:00,0,0
style.css,36,css,ea2be03c,Franky,2025-10-11,12:20:22,-07:00,2025-10-11T12:20:22-07:00,0,35
style.css,37,css,2928fba3,Franky,2025-10-19,12:09:58,-07:00,2025-10-19T12:09:58-07:00,1,5
style.css,38,css,ea2be03c,Franky,2025-10-11,12:20:22,-07:00,2025-10-11T12:20:22-07:00,2,44
style.css,39,css,ea2be03c,Franky,2025-10-11,12:20:22,-07:00,2025-10-11T12:20:22-07:00,1,0
style.css,40,css,ea2be03c,Franky,2025-10-11,12:20:22,-07:00,2025-10-11T12:20:22-07:00,0,0
style.css,41,css,ea2be03c,Franky,2025-10-11,12:20:22,-07:00,2025-10-11T12:20:22-07:00,0,0
style.css,42,css,2928fba3,Franky,2025-10-19,12:09:58,-07:00,2025-10-19T12:09:58-07:00,0,26
style.css,43,css,2928fba3,Franky,2025-10-19,12:09:58,-07:00,2025-10-19T12:09:58-07:00,1,13
style.css,44,css,2928fba3,Franky,2025-10-19,12:09:58,-07:00,2025-10-19T12:09:58-07:00,2,11
style.css,45,css,2928fba3,Franky,2025-10-19,12:09:58,-07:00,2025-10-19T12:09:58-07:00,2,17
style.css,46,css,2928fba3,Franky,2025-10-19,12:09:58,-07:00,2025-10-19T12:09:58-07:00,2,17
style.css,47,css,2928fba3,Franky,2025-10-19,12:09:58,-07:00,2025-10-19T12:09:58-07:00,1,0
style.css,48,css,2928fba3,Franky,2025-10-19,12:09:58,-07:00,2025-10-19T12:09:58-07:00,0,0
style.css,49,css,2928fba3,Franky,2025-10-19,12:09:58,-07:00,2025-10-19T12:09:58-07:00,0,0
style.css,50,css,2928fba3,Franky,2025-10-19,12:09:58,-07:00,2025-10-19T12:09:58-07:00,0,13
style.css,51,css,2529a682,Franky,2025-10-04,22:32:24,-07:00,2025-10-04T22:32:24-07:00,1,25
style.css,52,css,2529a682,Franky,2025-10-04,22:32:24,-07:00,2025-10-04T22:32:24-07:00,1,25
style.css,53,css,2529a682,Franky,2025-10-04,22:32:24,-07:00,2025-10-04T22:32:24-07:00,1,16
style.css,54,css,2529a682,Franky,2025-10-04,22:32:24,-07:00,2025-10-04T22:32:24-07:00,0,0
style.css,55,css,2529a682,Franky,2025-10-04,22:32:24,-07:00,2025-10-04T22:32:24-07:00,0,0
style.css,56,css,2928fba3,Franky,2025-10-19,12:09:58,-07:00,2025-10-19T12:09:58-07:00,0,11
style.css,57,css,2529a682,Franky,2025-10-04,22:32:24,-07:00,2025-10-04T22:32:24-07:00,1,25
style.css,58,css,2529a682,Franky,2025-10-04,22:32:24,-07:00,2025-10-04T22:32:24-07:00,1,25
style.css,59,css,2529a682,Franky,2025-10-04,22:32:24,-07:00,2025-10-04T22:32:24-07:00,1,39
style.css,60,css,2529a682,Franky,2025-10-04,22:32:24,-07:00,2025-10-04T22:32:24-07:00,1,57
style.css,61,css,65b70ad6,Franky,2025-09-30,21:05:18,-07:00,2025-09-30T21:05:18-07:00,0,0
style.css,62,css,65b70ad6,Franky,2025-09-30,21:05:18,-07:00,2025-09-30T21:05:18-07:00,0,0
style.css,63,css,ea2be03c,Franky,2025-10-11,12:20:22,-07:00,2025-10-11T12:20:22-07:00,0,35
style.css,64,css,2928fba3,Franky,2025-10-19,12:09:58,-07:00,2025-10-19T12:09:58-07:00,1,11
style.css,65,css,ea2be03c,Franky,2025-10-11,12:20:22,-07:00,2025-10-11T12:20:22-07:00,2,69
style.css,66,css,ea2be03c,Franky,2025-10-11,12:20:22,-07:00,2025-10-11T12:20:22-07:00,1,0
style.css,67,css,ea2be03c,Franky,2025-10-11,12:20:22,-07:00,2025-10-11T12:20:22-07:00,0,0
style.css,68,css,ea2be03c,Franky,2025-10-11,12:20:22,-07:00,2025-10-11T12:20:22-07:00,0,0
style.css,69,css,65b70ad6,Franky,2025-09-30,21:05:18,-07:00,2025-09-30T21:05:18-07:00,0,4
style.css,70,css,2529a682,Franky,2025-10-04,22:32:24,-07:00,2025-10-04T22:32:24-07:00,1,12
style.css,71,css,2529a682,Franky,2025-10-04,22:32:24,-07:00,2025-10-04T22:32:24-07:00,1,30
style.css,72,css,2529a682,Franky,2025-10-04,22:32:24,-07:00,2025-10-04T22:32:24-07:00,1,7
style.css,73,css,2529a682,Franky,2025-10-04,22:32:24,-07:00,2025-10-04T22:32:24-07:00,0,0
style.css,74,css,2529a682,Franky,2025-10-04,22:32:24,-07:00,2025-10-04T22:32:24-07:00,0,0
style.css,75,css,2928fba3,Franky,2025-10-19,12:09:58,-07:00,2025-10-19T12:09:58-07:00,0,16
style.css,76,css,1e6a364b,Franky,2025-10-17,20:39:28,-07:00,2025-10-17T20:39:28-07:00,1,15
style.css,77,css,2928fba3,Franky,2025-10-19,12:09:58,-07:00,2025-10-19T12:09:58-07:00,1,19
style.css,78,css,1e6a364b,Franky,2025-10-17,20:39:28,-07:00,2025-10-17T20:39:28-07:00,1,15
style.css,79,css,2928fba3,Franky,2025-10-19,12:09:58,-07:00,2025-10-19T12:09:58-07:00,1,14
style.css,80,css,1e6a364b,Franky,2025-10-17,20:39:28,-07:00,2025-10-17T20:39:28-07:00,0,0
style.css,81,css,1e6a364b,Franky,2025-10-17,20:39:28,-07:00,2025-10-17T20:39:28-07:00,0,0
style.css,82,css,2928fba3,Franky,2025-10-19,12:09:58,-07:00,2025-10-19T12:09:58-07:00,0,10
style.css,83,css,2928fba3,Franky,2025-10-19,12:09:58,-07:00,2025-10-19T12:09:58-07:00,1,14
style.css,84,css,1e6a364b,Franky,2025-10-17,20:39:28,-07:00,2025-10-17T20:39:28-07:00,0,0
style.css,85,css,1e6a364b,Franky,2025-10-17,20:39:28,-07:00,2025-10-17T20:39:28-07:00,0,0
style.css,86,css,2928fba3,Franky,2025-10-19,12:09:58,-07:00,2025-10-19T12:09:58-07:00,0,10
style.css,87,css,2529a682,Franky,2025-10-04,22:32:24,-07:00,2025-10-04T22:32:24-07:00,1,16
style.css,88,css,2529a682,Franky,2025-10-04,22:32:24,-07:00,2025-10-04T22:32:24-07:00,1,18
style.css,89,css,2529a682,Franky,2025-10-04,22:32:24,-07:00,2025-10-04T22:32:24-07:00,0,0
style.css,90,css,2529a682,Franky,2025-10-04,22:32:24,-07:00,2025-10-04T22:32:24-07:00,0,0
style.css,91,css,2529a682,Franky,2025-10-04,22:32:24,-07:00,2025-10-04T22:32:24-07:00,0,0
style.css,92,css,2928fba3,Franky,2025-10-19,12:09:58,-07:00,2025-10-19T12:09:58-07:00,0,11
style.css,93,css,2529a682,Franky,2025-10-04,22:32:24,-07:00,2025-10-04T22:32:24-07:00,1,18
style.css,94,css,2529a682,Franky,2025-10-04,22:32:24,-07:00,2025-10-04T22:32:24-07:00,1,14
style.css,95,css,2529a682,Franky,2025-10-04,22:32:24,-07:00,2025-10-04T22:32:24-07:00,0,0
style.css,96,css,2529a682,Franky,2025-10-04,22:32:24,-07:00,2025-10-04T22:32:24-07:00,0,0
style.css,97,css,2928fba3,Franky,2025-10-19,12:09:58,-07:00,2025-10-19T12:09:58-07:00,0,9
style.css,98,css,2529a682,Franky,2025-10-04,22:32:24,-07:00,2025-10-04T22:32:24-07:00,1,12
style.css,99,css,2529a682,Franky,2025-10-04,22:32:24,-07:00,2025-10-04T22:32:24-07:00,1,58
style.css,100,css,2529a682,Franky,2025-10-04,22:32:24,-07:00,2025-10-04T22:32:24-07:00,1,8
style.css,101,css,2928fba3,Franky,2025-10-19,12:09:58,-07:00,2025-10-19T12:09:58-07:00,1,15
style.css,102,css,65b70ad6,Franky,2025-09-30,21:05:18,-07:00,2025-09-30T21:05:18-07:00,0,0
style.css,103,css,65b70ad6,Franky,2025-09-30,21:05:18,-07:00,2025-09-30T21:05:18-07:00,0,0
style.css,104,css,2928fba3,Franky,2025-10-19,12:09:58,-07:00,2025-10-19T12:09:58-07:00,0,15
style.css,105,css,1e6a364b,Franky,2025-10-17,20:39:28,-07:00,2025-10-17T20:39:28-07:00,1,14
style.css,106,css,1e6a364b,Franky,2025-10-17,20:39:28,-07:00,2025-10-17T20:39:28-07:00,0,0
style.css,107,css,1e6a364b,Franky,2025-10-17,20:39:28,-07:00,2025-10-17T20:39:28-07:00,0,0
style.css,108,css,2928fba3,Franky,2025-10-19,12:09:58,-07:00,2025-10-19T12:09:58-07:00,0,6
style.css,109,css,2529a682,Franky,2025-10-04,22:32:24,-07:00,2025-10-04T22:32:24-07:00,1,12
style.css,110,css,2928fba3,Franky,2025-10-19,12:09:58,-07:00,2025-10-19T12:09:58-07:00,1,36
style.css,111,css,2529a682,Franky,2025-10-04,22:32:24,-07:00,2025-10-04T22:32:24-07:00,1,8
style.css,112,css,2529a682,Franky,2025-10-04,22:32:24,-07:00,2025-10-04T22:32:24-07:00,0,0
style.css,113,css,2529a682,Franky,2025-10-04,22:32:24,-07:00,2025-10-04T22:32:24-07:00,0,0
style.css,114,css,2529a682,Franky,2025-10-04,22:32:24,-07:00,2025-10-04T22:32:24-07:00,0,25
style.css,115,css,2529a682,Franky,2025-10-04,22:32:24,-07:00,2025-10-04T22:32:24-07:00,1,6
style.css,116,css,2928fba3,Franky,2025-10-19,12:09:58,-07:00,2025-10-19T12:09:58-07:00,2,25
style.css,117,css,2529a682,Franky,2025-10-04,22:32:24,-07:00,2025-10-04T22:32:24-07:00,1,0
style.css,118,css,2529a682,Franky,2025-10-04,22:32:24,-07:00,2025-10-04T22:32:24-07:00,0,0
style.css,119,css,2529a682,Franky,2025-10-04,22:32:24,-07:00,2025-10-04T22:32:24-07:00,0,0
style.css,120,css,2928fba3,Franky,2025-10-19,12:09:58,-07:00,2025-10-19T12:09:58-07:00,0,14
style.css,121,css,2529a682,Franky,2025-10-04,22:32:24,-07:00,2025-10-04T22:32:24-07:00,1,12
style.css,122,css,2529a682,Franky,2025-10-04,22:32:24,-07:00,2025-10-04T22:32:24-07:00,1,26
style.css,123,css,2529a682,Franky,2025-10-04,22:32:24,-07:00,2025-10-04T22:32:24-07:00,1,15
style.css,124,css,2529a682,Franky,2025-10-04,22:32:24,-07:00,2025-10-04T22:32:24-07:00,1,7
style.css,125,css,2529a682,Franky,2025-10-04,22:32:24,-07:00,2025-10-04T22:32:24-07:00,0,0
style.css,126,css,2529a682,Franky,2025-10-04,22:32:24,-07:00,2025-10-04T22:32:24-07:00,0,0
style.css,127,css,2928fba3,Franky,2025-10-19,12:09:58,-07:00,2025-10-19T12:09:58-07:00,0,17
style.css,128,css,2529a682,Franky,2025-10-04,22:32:24,-07:00,2025-10-04T22:32:24-07:00,1,8
style.css,129,css,2529a682,Franky,2025-10-04,22:32:24,-07:00,2025-10-04T22:32:24-07:00,0,0
style.css,130,css,2529a682,Franky,2025-10-04,22:32:24,-07:00,2025-10-04T22:32:24-07:00,0,0
style.css,131,css,2928fba3,Franky,2025-10-19,12:09:58,-07:00,2025-10-19T12:09:58-07:00,0,17
style.css,132,css,2529a682,Franky,2025-10-04,22:32:24,-07:00,2025-10-04T22:32:24-07:00,1,12
style.css,133,css,2529a682,Franky,2025-10-04,22:32:24,-07:00,2025-10-04T22:32:24-07:00,1,26
style.css,134,css,2529a682,Franky,2025-10-04,22:32:24,-07:00,2025-10-04T22:32:24-07:00,1,15
style.css,135,css,2529a682,Franky,2025-10-04,22:32:24,-07:00,2025-10-04T22:32:24-07:00,1,7
style.css,136,css,2529a682,Franky,2025-10-04,22:32:24,-07:00,2025-10-04T22:32:24-07:00,0,0
style.css,137,css,2529a682,Franky,2025-10-04,22:32:24,-07:00,2025-10-04T22:32:24-07:00,0,0
style.css,138,css,2928fba3,Franky,2025-10-19,12:09:58,-07:00,2025-10-19T12:09:58-07:00,0,20
style.css,139,css,2529a682,Franky,2025-10-04,22:32:24,-07:00,2025-10-04T22:32:24-07:00,1,8
style.css,140,css,1e6a364b,Franky,2025-10-17,20:39:28,-07:00,2025-10-17T20:39:28-07:00,1,14
style.css,141,css,2529a682,Franky,2025-10-04,22:32:24,-07:00,2025-10-04T22:32:24-07:00,0,0
style.css,142,css,2529a682,Franky,2025-10-04,22:32:24,-07:00,2025-10-04T22:32:24-07:00,0,0
style.css,143,css,2928fba3,Franky,2025-10-19,12:09:58,-07:00,2025-10-19T12:09:58-07:00,0,1
style.css,144,css,2928fba3,Franky,2025-10-19,12:09:58,-07:00,2025-10-19T12:09:58-07:00,0,1
style.css,145,css,2928fba3,Franky,2025-10-19,12:09:58,-07:00,2025-10-19T12:09:58-07:00,0,1
style.css,146,css,2928fba3,Franky,2025-10-19,12:09:58,-07:00,2025-10-19T12:09:58-07:00,0,1
style.css,147,css,2928fba3,Franky,2025-10-19,12:09:58,-07:00,2025-10-19T12:09:58-07:00,0,1
style.css,148,css,2928fba3,Franky,2025-10-19,12:09:58,-07:00,2025-10-19T12:09:58-07:00,0,2
style.css,149,css,2529a682,Franky,2025-10-04,22:32:24,-07:00,2025-10-04T22:32:24-07:00,1,15
style.css,150,css,2529a682,Franky,2025-10-04,22:32:24,-07:00,2025-10-04T22:32:24-07:00,1,17
style.css,151,css,65b70ad6,Franky,2025-09-30,21:05:18,-07:00,2025-09-30T21:05:18-07:00,0,0
style.css,152,css,65b70ad6,Franky,2025-09-30,21:05:18,-07:00,2025-09-30T21:05:18-07:00,0,0
style.css,153,css,65b70ad6,Franky,2025-09-30,21:05:18,-07:00,2025-09-30T21:05:18-07:00,0,2
style.css,154,css,2928fba3,Franky,2025-10-19,12:09:58,-07:00,2025-10-19T12:09:58-07:00,1,14
style.css,155,css,65b70ad6,Franky,2025-09-30,21:05:18,-07:00,2025-09-30T21:05:18-07:00,0,0
style.css,156,css,65b70ad6,Franky,2025-09-30,21:05:18,-07:00,2025-09-30T21:05:18-07:00,0,0
style.css,157,css,2928fba3,Franky,2025-10-19,12:09:58,-07:00,2025-10-19T12:09:58-07:00,0,4
style.css,158,css,2928fba3,Franky,2025-10-19,12:09:58,-07:00,2025-10-19T12:09:58-07:00,1,15
style.css,159,css,65b70ad6,Franky,2025-09-30,21:05:18,-07:00,2025-09-30T21:05:18-07:00,0,0
style.css,160,css,65b70ad6,Franky,2025-09-30,21:05:18,-07:00,2025-09-30T21:05:18-07:00,0,0
style.css,161,css,65b70ad6,Franky,2025-09-30,21:05:18,-07:00,2025-09-30T21:05:18-07:00,0,1
style.css,162,css,65b70ad6,Franky,2025-09-30,21:05:18,-07:00,2025-09-30T21:05:18-07:00,1,14
style.css,163,css,65b70ad6,Franky,2025-09-30,21:05:18,-07:00,2025-09-30T21:05:18-07:00,0,0
style.css,164,css,65b70ad6,Franky,2025-09-30,21:05:18,-07:00,2025-09-30T21:05:18-07:00,0,0
style.css,165,css,65b70ad6,Franky,2025-09-30,21:05:18,-07:00,2025-09-30T21:05:18-07:00,0,4
style.css,166,css,65b70ad6,Franky,2025-09-30,21:05:18,-07:00,2025-09-30T21:05:18-07:00,1,15
style.css,167,css,65b70ad6,Franky,2025-09-30,21:05:18,-07:00,2025-09-30T21:05:18-07:00,0,0
style.css,168,css,65b70ad6,Franky,2025-09-30,21:05:18,-07:00,2025-09-30T21:05:18-07:00,0,0
style.css,169,css,65b70ad6,Franky,2025-09-30,21:05:18,-07:00,2025-09-30T21:05:18-07:00,0,2
style.css,170,css,65b70ad6,Franky,2025-09-30,21:05:18,-07:00,2025-09-30T21:05:18-07:00,1,16
style.css,171,css,2928fba3,Franky,2025-10-19,12:09:58,-07:00,2025-10-19T12:09:58-07:00,0,0
style.css,172,css,ea2be03c,Franky,2025-10-11,12:20:22,-07:00,2025-10-11T12:20:22-07:00,0,0
style.css,173,css,ea2be03c,Franky,2025-10-11,12:20:22,-07:00,2025-10-11T12:20:22-07:00,0,13
style.css,174,css,ea2be03c,Franky,2025-10-11,12:20:22,-07:00,2025-10-11T12:20:22-07:00,1,19
style.css,175,css,ea2be03c,Franky,2025-10-11,12:20:22,-07:00,2025-10-11T12:20:22-07:00,1,13
style.css,176,css,ea2be03c,Franky,2025-10-11,12:20:22,-07:00,2025-10-11T12:20:22-07:00,0,0
style.css,177,css,ea2be03c,Franky,2025-10-11,12:20:22,-07:00,2025-10-11T12:20:22-07:00,0,0
style.css,178,css,2928fba3,Franky,2025-10-19,12:09:58,-07:00,2025-10-19T12:09:58-07:00,0,4
style.css,179,css,2928fba3,Franky,2025-10-19,12:09:58,-07:00,2025-10-19T12:09:58-07:00,0,7
style.css,180,css,2928fba3,Franky,2025-10-19,12:09:58,-07:00,2025-10-19T12:09:58-07:00,0,5
style.css,181,css,2928fba3,Franky,2025-10-19,12:09:58,-07:00,2025-10-19T12:09:58-07:00,0,6
style.css,182,css,ea2be03c,Franky,2025-10-11,12:20:22,-07:00,2025-10-11T12:20:22-07:00,1,19
style.css,183,css,ea2be03c,Franky,2025-10-11,12:20:22,-07:00,2025-10-11T12:20:22-07:00,0,0
style.css,184,css,ea2be03c,Franky,2025-10-11,12:20:22,-07:00,2025-10-11T12:20:22-07:00,0,0
style.css,185,css,ea2be03c,Franky,2025-10-11,12:20:22,-07:00,2025-10-11T12:20:22-07:00,0,6
style.css,186,css,ea2be03c,Franky,2025-10-11,12:20:22,-07:00,2025-10-11T12:20:22-07:00,1,12
style.css,187,css,1e6a364b,Franky,2025-10-17,20:39:28,-07:00,2025-10-17T20:39:28-07:00,0,0
style.css,188,css,1e6a364b,Franky,2025-10-17,20:39:28,-07:00,2025-10-17T20:39:28-07:00,0,0
style.css,189,css,1e6a364b,Franky,2025-10-17,20:39:28,-07:00,2025-10-17T20:39:28-07:00,0,17
style.css,190,css,1e6a364b,Franky,2025-10-17,20:39:28,-07:00,2025-10-17T20:39:28-07:00,1,12
style.css,191,css,2928fba3,Franky,2025-10-19,12:09:58,-07:00,2025-10-19T12:09:58-07:00,1,36
style.css,192,css,1e6a364b,Franky,2025-10-17,20:39:28,-07:00,2025-10-17T20:39:28-07:00,1,15
style.css,193,css,1e6a364b,Franky,2025-10-17,20:39:28,-07:00,2025-10-17T20:39:28-07:00,0,0
style.css,194,css,1e6a364b,Franky,2025-10-17,20:39:28,-07:00,2025-10-17T20:39:28-07:00,0,0
style.css,195,css,1e6a364b,Franky,2025-10-17,20:39:28,-07:00,2025-10-17T20:39:28-07:00,0,17
style.css,196,css,2928fba3,Franky,2025-10-19,12:09:58,-07:00,2025-10-19T12:09:58-07:00,1,10
style.css,197,css,1e6a364b,Franky,2025-10-17,20:39:28,-07:00,2025-10-17T20:39:28-07:00,1,16
style.css,198,css,1e6a364b,Franky,2025-10-17,20:39:28,-07:00,2025-10-17T20:39:28-07:00,0,0
style.css,199,css,1e6a364b,Franky,2025-10-17,20:39:28,-07:00,2025-10-17T20:39:28-07:00,0,0
style.css,200,css,1e6a364b,Franky,2025-10-17,20:39:28,-07:00,2025-10-17T20:39:28-07:00,0,17
style.css,201,css,2928fba3,Franky,2025-10-19,12:09:58,-07:00,2025-10-19T12:09:58-07:00,1,10
style.css,202,css,1e6a364b,Franky,2025-10-17,20:39:28,-07:00,2025-10-17T20:39:28-07:00,1,8
style.css,203,css,1e6a364b,Franky,2025-10-17,20:39:28,-07:00,2025-10-17T20:39:28-07:00,0,0
style.css,204,css,1e6a364b,Franky,2025-10-17,20:39:28,-07:00,2025-10-17T20:39:28-07:00,0,0
style.css,205,css,1e6a364b,Franky,2025-10-17,20:39:28,-07:00,2025-10-17T20:39:28-07:00,0,13
style.css,206,css,1e6a364b,Franky,2025-10-17,20:39:28,-07:00,2025-10-17T20:39:28-07:00,1,15
style.css,207,css,1e6a364b,Franky,2025-10-17,20:39:28,-07:00,2025-10-17T20:39:28-07:00,1,15
style.css,208,css,2928fba3,Franky,2025-10-19,12:09:58,-07:00,2025-10-19T12:09:58-07:00,1,14
style.css,209,css,1e6a364b,Franky,2025-10-17,20:39:28,-07:00,2025-10-17T20:39:28-07:00,0,0
style.css,210,css,1e6a364b,Franky,2025-10-17,20:39:28,-07:00,2025-10-17T20:39:28-07:00,0,0
style.css,211,css,1e6a364b,Franky,2025-10-17,20:39:28,-07:00,2025-10-17T20:39:28-07:00,0,2
style.css,212,css,2928fba3,Franky,2025-10-19,12:09:58,-07:00,2025-10-19T12:09:58-07:00,1,14
style.css,213,css,1e6a364b,Franky,2025-10-17,20:39:28,-07:00,2025-10-17T20:39:28-07:00,1,10
style.css,214,css,1e6a364b,Franky,2025-10-17,20:39:28,-07:00,2025-10-17T20:39:28-07:00,0,0
style.css,215,css,1e6a364b,Franky,2025-10-17,20:39:28,-07:00,2025-10-17T20:39:28-07:00,0,0
style.css,216,css,1e6a364b,Franky,2025-10-17,20:39:28,-07:00,2025-10-17T20:39:28-07:00,0,2
style.css,217,css,2928fba3,Franky,2025-10-19,12:09:58,-07:00,2025-10-19T12:09:58-07:00,1,14
style.css,218,css,1e6a364b,Franky,2025-10-17,20:39:28,-07:00,2025-10-17T20:39:28-07:00,0,0
style.css,219,css,1e6a364b,Franky,2025-10-17,20:39:28,-07:00,2025-10-17T20:39:28-07:00,0,0
style.css,220,css,1e6a364b,Franky,2025-10-17,20:39:28,-07:00,2025-10-17T20:39:28-07:00,0,0
style.css,221,css,1e6a364b,Franky,2025-10-17,20:39:28,-07:00,2025-10-17T20:39:28-07:00,0,5
style.css,222,css,1e6a364b,Franky,2025-10-17,20:39:28,-07:00,2025-10-17T20:39:28-07:00,1,17
style.css,223,css,1e6a364b,Franky,2025-10-17,20:39:28,-07:00,2025-10-17T20:39:28-07:00,1,14
style.css,224,css,1e6a364b,Franky,2025-10-17,20:39:28,-07:00,2025-10-17T20:39:28-07:00,1,10
style.css,225,css,1e6a364b,Franky,2025-10-17,20:39:28,-07:00,2025-10-17T20:39:28-07:00,1,16
style.css,226,css,1e6a364b,Franky,2025-10-17,20:39:28,-07:00,2025-10-17T20:39:28-07:00,0,0
style.css,227,css,1e6a364b,Franky,2025-10-17,20:39:28,-07:00,2025-10-17T20:39:28-07:00,0,0
style.css,228,css,2928fba3,Franky,2025-10-19,12:09:58,-07:00,2025-10-19T12:09:58-07:00,0,21
style.css,229,css,2928fba3,Franky,2025-10-19,12:09:58,-07:00,2025-10-19T12:09:58-07:00,1,10
style.css,230,css,2928fba3,Franky,2025-10-19,12:09:58,-07:00,2025-10-19T12:09:58-07:00,1,12
style.css,231,css,2928fba3,Franky,2025-10-19,12:09:58,-07:00,2025-10-19T12:09:58-07:00,1,16
style.css,232,css,2928fba3,Franky,2025-10-19,12:09:58,-07:00,2025-10-19T12:09:58-07:00,1,13
style.css,233,css,2928fba3,Franky,2025-10-19,12:09:58,-07:00,2025-10-19T12:09:58-07:00,0,0
style.css,234,css,2928fba3,Franky,2025-10-19,12:09:58,-07:00,2025-10-19T12:09:58-07:00,0,0
style.css,235,css,2928fba3,Franky,2025-10-19,12:09:58,-07:00,2025-10-19T12:09:58-07:00,0,13
style.css,236,css,2928fba3,Franky,2025-10-19,12:09:58,-07:00,2025-10-19T12:09:58-07:00,1,14
style.css,237,css,2928fba3,Franky,2025-10-19,12:09:58,-07:00,2025-10-19T12:09:58-07:00,0,0
style.css,238,css,2928fba3,Franky,2025-10-19,12:09:58,-07:00,2025-10-19T12:09:58-07:00,0,0
style.css,239,css,2928fba3,Franky,2025-10-19,12:09:58,-07:00,2025-10-19T12:09:58-07:00,0,15
style.css,240,css,2928fba3,Franky,2025-10-19,12:09:58,-07:00,2025-10-19T12:09:58-07:00,1,12
style.css,241,css,2928fba3,Franky,2025-10-19,12:09:58,-07:00,2025-10-19T12:09:58-07:00,0,0
style.css,242,css,2928fba3,Franky,2025-10-19,12:09:58,-07:00,2025-10-19T12:09:58-07:00,0,0
style.css,243,css,2928fba3,Franky,2025-10-19,12:09:58,-07:00,2025-10-19T12:09:58-07:00,0,25
style.css,244,css,2928fba3,Franky,2025-10-19,12:09:58,-07:00,2025-10-19T12:09:58-07:00,1,12
style.css,245,css,2928fba3,Franky,2025-10-19,12:09:58,-07:00,2025-10-19T12:09:58-07:00,0,0
style.css,246,css,2928fba3,Franky,2025-10-19,12:09:58,-07:00,2025-10-19T12:09:58-07:00,0,0
style.css,247,css,2928fba3,Franky,2025-10-19,12:09:58,-07:00,2025-10-19T12:09:58-07:00,0,15
style.css,248,css,2928fba3,Franky,2025-10-19,12:09:58,-07:00,2025-10-19T12:09:58-07:00,1,14
style.css,249,css,2928fba3,Franky,2025-10-19,12:09:58,-07:00,2025-10-19T12:09:58-07:00,0,0
style.css,250,css,2928fba3,Franky,2025-10-19,12:09:58,-07:00,2025-10-19T12:09:58-07:00,0,0
style.css,251,css,2928fba3,Franky,2025-10-19,12:09:58,-07:00,2025-10-19T12:09:58-07:00,0,5
style.css,252,css,2928fba3,Franky,2025-10-19,12:09:58,-07:00,2025-10-19T12:09:58-07:00,1,13
style.css,253,css,2928fba3,Franky,2025-10-19,12:09:58,-07:00,2025-10-19T12:09:58-07:00,1,14
style.css,254,css,2928fba3,Franky,2025-10-19,12:09:58,-07:00,2025-10-19T12:09:58-07:00,1,20
style.css,255,css,2928fba3,Franky,2025-10-19,12:09:58,-07:00,2025-10-19T12:09:58-07:00,1,25
style.css,256,css,2928fba3,Franky,2025-10-19,12:09:58,-07:00,2025-10-19T12:09:58-07:00,1,14
style.css,257,css,2928fba3,Franky,2025-10-19,12:09:58,-07:00,2025-10-19T12:09:58-07:00,0,0
style.css,258,css,2928fba3,Franky,2025-10-19,12:09:58,-07:00,2025-10-19T12:09:58-07:00,0,0
style.css,259,css,2928fba3,Franky,2025-10-19,12:09:58,-07:00,2025-10-19T12:09:58-07:00,0,11
style.css,260,css,2928fba3,Franky,2025-10-19,12:09:58,-07:00,2025-10-19T12:09:58-07:00,1,25
style.css,261,css,2928fba3,Franky,2025-10-19,12:09:58,-07:00,2025-10-19T12:09:58-07:00,0,0
style.css,262,css,2928fba3,Franky,2025-10-19,12:09:58,-07:00,2025-10-19T12:09:58-07:00,0,0
style.css,263,css,2928fba3,Franky,2025-10-19,12:09:58,-07:00,2025-10-19T12:09:58-07:00,0,14
style.css,264,css,2928fba3,Franky,2025-10-19,12:09:58,-07:00,2025-10-19T12:09:58-07:00,1,10
style.css,265,css,2928fba3,Franky,2025-10-19,12:09:58,-07:00,2025-10-19T12:09:58-07:00,1,15
style.css,266,css,2928fba3,Franky,2025-10-19,12:09:58,-07:00,2025-10-19T12:09:58-07:00,1,17
style.css,267,css,2928fba3,Franky,2025-10-19,12:09:58,-07:00,2025-10-19T12:09:58-07:00,1,0
style.css,268,css,2928fba3,Franky,2025-10-19,12:09:58,-07:00,2025-10-19T12:09:58-07:00,1,11
style.css,269,css,2928fba3,Franky,2025-10-19,12:09:58,-07:00,2025-10-19T12:09:58-07:00,1,13
style.css,270,css,2928fba3,Franky,2025-10-19,12:09:58,-07:00,2025-10-19T12:09:58-07:00,0,0
style.css,271,css,2928fba3,Franky,2025-10-19,12:09:58,-07:00,2025-10-19T12:09:58-07:00,0,0
style.css,272,css,2928fba3,Franky,2025-10-19,12:09:58,-07:00,2025-10-19T12:09:58-07:00,0,19
style.css,273,css,2928fba3,Franky,2025-10-19,12:09:58,-07:00,2025-10-19T12:09:58-07:00,1,22
style.css,274,css,2928fba3,Franky,2025-10-19,12:09:58,-07:00,2025-10-19T12:09:58-07:00,0,0
style.css,275,css,2928fba3,Franky,2025-10-19,12:09:58,-07:00,2025-10-19T12:09:58-07:00,0,0
style.css,276,css,2928fba3,Franky,2025-10-19,12:09:58,-07:00,2025-10-19T12:09:58-07:00,0,13
style.css,277,css,2928fba3,Franky,2025-10-19,12:09:58,-07:00,2025-10-19T12:09:58-07:00,1,13
style.css,278,css,2928fba3,Franky,2025-10-19,12:09:58,-07:00,2025-10-19T12:09:58-07:00,1,14
style.css,279,css,2928fba3,Franky,2025-10-19,12:09:58,-07:00,2025-10-19T12:09:58-07:00,0,0
style.css,280,css,2928fba3,Franky,2025-10-19,12:09:58,-07:00,2025-10-19T12:09:58-07:00,0,0
style.css,281,css,2928fba3,Franky,2025-10-19,12:09:58,-07:00,2025-10-19T12:09:58-07:00,0,13
style.css,282,css,2928fba3,Franky,2025-10-19,12:09:58,-07:00,2025-10-19T12:09:58-07:00,1,15
style.css,283,css,2928fba3,Franky,2025-10-19,12:09:58,-07:00,2025-10-19T12:09:58-07:00,1,14
style.css,284,css,2928fba3,Franky,2025-10-19,12:09:58,-07:00,2025-10-19T12:09:58-07:00,0,0
style.css,285,css,2928fba3,Franky,2025-10-19,12:09:58,-07:00,2025-10-19T12:09:58-07:00,0,0
style.css,286,css,2928fba3,Franky,2025-10-19,12:09:58,-07:00,2025-10-19T12:09:58-07:00,0,14
style.css,287,css,2928fba3,Franky,2025-10-19,12:09:58,-07:00,2025-10-19T12:09:58-07:00,1,15
style.css,288,css,2928fba3,Franky,2025-10-19,12:09:58,-07:00,2025-10-19T12:09:58-07:00,1,14
style.css,289,css,2928fba3,Franky,2025-10-19,12:09:58,-07:00,2025-10-19T12:09:58-07:00,1,16
style.css,290,css,2928fba3,Franky,2025-10-19,12:09:58,-07:00,2025-10-19T12:09:58-07:00,0,0
style.css,291,css,2928fba3,Franky,2025-10-19,12:09:58,-07:00,2025-10-19T12:09:58-07:00,0,0
style.css,292,css,2928fba3,Franky,2025-10-19,12:09:58,-07:00,2025-10-19T12:09:58-07:00,0,4
style.css,293,css,2928fba3,Franky,2025-10-19,12:09:58,-07:00,2025-10-19T12:09:58-07:00,1,14
style.css,294,css,c63299e7,Franky,2025-10-25,17:31:07,-07:00,2025-10-25T17:31:07-07:00,0,0
style.css,295,css,c63299e7,Franky,2025-10-25,17:31:07,-07:00,2025-10-25T17:31:07-07:00,0,0
style.css,296,css,c63299e7,Franky,2025-10-25,17:31:07,-07:00,2025-10-25T17:31:07-07:00,0,18
style.css,297,css,c63299e7,Franky,2025-10-25,17:31:07,-07:00,2025-10-25T17:31:07-07:00,1,14
style.css,298,css,c63299e7,Franky,2025-10-25,17:31:07,-07:00,2025-10-25T17:31:07-07:00,1,16
style.css,299,css,c63299e7,Franky,2025-10-25,17:31:07,-07:00,2025-10-25T17:31:07-07:00,1,16
style.css,300,css,c63299e7,Franky,2025-10-25,17:31:07,-07:00,2025-10-25T17:31:07-07:00,0,0
style.css,301,css,c63299e7,Franky,2025-10-25,17:31:07,-07:00,2025-10-25T17:31:07-07:00,0,0
style.css,302,css,c63299e7,Franky,2025-10-25,17:31:07,-07:00,2025-10-25T17:31:07-07:00,0,7
style.css,303,css,c63299e7,Franky,2025-10-25,17:31:07,-07:00,2025-10-25T17:31:07-07:00,1,12
style.css,304,css,c63299e7,Franky,2025-10-25,17:31:07,-07:00,2025-10-25T17:31:07-07:00,1,58
style.css,305,css,c63299e7,Franky,2025-10-25,17:31:07,-07:00,2025-10-25T17:31:07-07:00,1,8
style.css,306,css,c63299e7,Franky,2025-10-25,17:31:07,-07:00,2025-10-25T17:31:07-07:00,1,15
style.css,307,css,c63299e7,Franky,2025-10-25,17:31:07,-07:00,2025-10-25T17:31:07-07:00,1,13
style.css,308,css,c63299e7,Franky,2025-10-25,17:31:07,-07:00,2025-10-25T17:31:07-07:00,1,12
style.css,309,css,c63299e7,Franky,2025-10-25,17:31:07,-07:00,2025-10-25T17:31:07-07:00,1,21
style.css,310,css,c63299e7,Franky,2025-10-25,17:31:07,-07:00,2025-10-25T17:31:07-07:00,1,6
style.css,311,css,c63299e7,Franky,2025-10-25,17:31:07,-07:00,2025-10-25T17:31:07-07:00,0,0
style.css,312,css,c63299e7,Franky,2025-10-25,17:31:07,-07:00,2025-10-25T17:31:07-07:00,0,0
style.css,313,css,c63299e7,Franky,2025-10-25,17:31:07,-07:00,2025-10-25T17:31:07-07:00,0,15
style.css,314,css,c63299e7,Franky,2025-10-25,17:31:07,-07:00,2025-10-25T17:31:07-07:00,1,12
style.css,315,css,c63299e7,Franky,2025-10-25,17:31:07,-07:00,2025-10-25T17:31:07-07:00,1,10
style.css,316,css,c63299e7,Franky,2025-10-25,17:31:07,-07:00,2025-10-25T17:31:07-07:00,1,11
style.css,317,css,c63299e7,Franky,2025-10-25,17:31:07,-07:00,2025-10-25T17:31:07-07:00,1,29
style.css,318,css,c63299e7,Franky,2025-10-25,17:31:07,-07:00,2025-10-25T17:31:07-07:00,1,18
style.css,319,css,c63299e7,Franky,2025-10-25,17:31:07,-07:00,2025-10-25T17:31:07-07:00,1,17
style.css,320,css,c63299e7,Franky,2025-10-25,17:31:07,-07:00,2025-10-25T17:31:07-07:00,0,0
style.css,321,css,c63299e7,Franky,2025-10-25,17:31:07,-07:00,2025-10-25T17:31:07-07:00,0,0
style.css,322,css,c63299e7,Franky,2025-10-25,17:31:07,-07:00,2025-10-25T17:31:07-07:00,0,10
style.css,323,css,c63299e7,Franky,2025-10-25,17:31:07,-07:00,2025-10-25T17:31:07-07:00,1,12
style.css,324,css,c63299e7,Franky,2025-10-25,17:31:07,-07:00,2025-10-25T17:31:07-07:00,1,18
style.css,325,css,c63299e7,Franky,2025-10-25,17:31:07,-07:00,2025-10-25T17:31:07-07:00,1,10
style.css,326,css,c63299e7,Franky,2025-10-25,17:31:07,-07:00,2025-10-25T17:31:07-07:00,1,0
style.css,327,css,c63299e7,Franky,2025-10-25,17:31:07,-07:00,2025-10-25T17:31:07-07:00,0,0
style.css,328,css,c63299e7,Franky,2025-10-25,17:31:07,-07:00,2025-10-25T17:31:07-07:00,0,0
style.css,329,css,c63299e7,Franky,2025-10-25,17:31:07,-07:00,2025-10-25T17:31:07-07:00,0,10
style.css,330,css,c63299e7,Franky,2025-10-25,17:31:07,-07:00,2025-10-25T17:31:07-07:00,1,12
style.css,331,css,c63299e7,Franky,2025-10-25,17:31:07,-07:00,2025-10-25T17:31:07-07:00,1,8
style.css,332,css,c63299e7,Franky,2025-10-25,17:31:07,-07:00,2025-10-25T17:31:07-07:00,1,18
style.css,333,css,c63299e7,Franky,2025-10-25,17:31:07,-07:00,2025-10-25T17:31:07-07:00,0,0
style.css,334,css,c63299e7,Franky,2025-10-25,17:31:07,-07:00,2025-10-25T17:31:07-07:00,0,0
style.css,335,css,c63299e7,Franky,2025-10-25,17:31:07,-07:00,2025-10-25T17:31:07-07:00,0,25
style.css,336,css,c63299e7,Franky,2025-10-25,17:31:07,-07:00,2025-10-25T17:31:07-07:00,1,18
style.css,337,css,c63299e7,Franky,2025-10-25,17:31:07,-07:00,2025-10-25T17:31:07-07:00,2,11
style.css,338,css,c63299e7,Franky,2025-10-25,17:31:07,-07:00,2025-10-25T17:31:07-07:00,2,12
style.css,339,css,c63299e7,Franky,2025-10-25,17:31:07,-07:00,2025-10-25T17:31:07-07:00,1,0
style.css,340,css,c63299e7,Franky,2025-10-25,17:31:07,-07:00,2025-10-25T17:31:07-07:00,0,0
style.css,341,css,c63299e7,Franky,2025-10-25,17:31:07,-07:00,2025-10-25T17:31:07-07:00,0,0
style.css,342,css,c63299e7,Franky,2025-10-25,17:31:07,-07:00,2025-10-25T17:31:07-07:00,0,10
style.css,343,css,c63299e7,Franky,2025-10-25,17:31:07,-07:00,2025-10-25T17:31:07-07:00,1,13
style.css,344,css,c63299e7,Franky,2025-10-25,17:31:07,-07:00,2025-10-25T17:31:07-07:00,1,10
style.css,345,css,c63299e7,Franky,2025-10-25,17:31:07,-07:00,2025-10-25T17:31:07-07:00,1,11
style.css,346,css,c63299e7,Franky,2025-10-25,17:31:07,-07:00,2025-10-25T17:31:07-07:00,0,0
style.css,347,css,c63299e7,Franky,2025-10-25,17:31:07,-07:00,2025-10-25T17:31:07-07:00,0,0
style.css,348,css,c63299e7,Franky,2025-10-25,17:31:07,-07:00,2025-10-25T17:31:07-07:00,0,10
style.css,349,css,c63299e7,Franky,2025-10-25,17:31:07,-07:00,2025-10-25T17:31:07-07:00,1,14
style.css,350,css,c63299e7,Franky,2025-10-25,17:31:07,-07:00,2025-10-25T17:31:07-07:00,0,0
style.css,351,css,c63299e7,Franky,2025-10-25,17:31:07,-07:00,2025-10-25T17:31:07-07:00,0,0
style.css,352,css,c63299e7,Franky,2025-10-25,17:31:07,-07:00,2025-10-25T17:31:07-07:00,0,17
style.css,353,css,c63299e7,Franky,2025-10-25,17:31:07,-07:00,2025-10-25T17:31:07-07:00,1,16
style.css,354,css,c63299e7,Franky,2025-10-25,17:31:07,-07:00,2025-10-25T17:31:07-07:00,2,11
style.css,355,css,c63299e7,Franky,2025-10-25,17:31:07,-07:00,2025-10-25T17:31:07-07:00,1,0
style.css,356,css,c63299e7,Franky,2025-10-25,17:31:07,-07:00,2025-10-25T17:31:07-07:00,0,0
style.css,357,css,c63299e7,Franky,2025-10-25,17:31:07,-07:00,2025-10-25T17:31:07-07:00,0,0
style.css,358,css,c63299e7,Franky,2025-10-25,17:31:07,-07:00,2025-10-25T17:31:07-07:00,0,4
style.css,359,css,c63299e7,Franky,2025-10-25,17:31:07,-07:00,2025-10-25T17:31:07-07:00,1,16
style.css,360,css,c63299e7,Franky,2025-10-25,17:31:07,-07:00,2025-10-25T17:31:07-07:00,0,0
style.css,361,css,c63299e7,Franky,2025-10-25,17:31:07,-07:00,2025-10-25T17:31:07-07:00,0,0
style.css,362,css,c63299e7,Franky,2025-10-25,17:31:07,-07:00,2025-10-25T17:31:07-07:00,0,9
style.css,363,css,c63299e7,Franky,2025-10-25,17:31:07,-07:00,2025-10-25T17:31:07-07:00,1,35
style.css,364,css,c63299e7,Franky,2025-10-25,17:31:07,-07:00,2025-10-25T17:31:07-07:00,0,0
style.css,365,css,c63299e7,Franky,2025-10-25,17:31:07,-07:00,2025-10-25T17:31:07-07:00,1,10
style.css,366,css,c63299e7,Franky,2025-10-25,17:31:07,-07:00,2025-10-25T17:31:07-07:00,2,17
style.css,367,css,c63299e7,Franky,2025-10-25,17:31:07,-07:00,2025-10-25T17:31:07-07:00,1,0
style.css,368,css,c63299e7,Franky,2025-10-25,17:31:07,-07:00,2025-10-25T17:31:07-07:00,0,0
style.css,369,css,c63299e7,Franky,2025-10-25,17:31:07,-07:00,2025-10-25T17:31:07-07:00,0,0
style.css,370,css,c63299e7,Franky,2025-10-25,17:31:07,-07:00,2025-10-25T17:31:07-07:00,0,4
style.css,371,css,c63299e7,Franky,2025-10-25,17:31:07,-07:00,2025-10-25T17:31:07-07:00,1,14
style.css,372,css,c63299e7,Franky,2025-10-25,17:31:07,-07:00,2025-10-25T17:31:07-07:00,0,0
index.js,1,js,1e6a364b,Franky,2025-10-17,20:39:28,-07:00,2025-10-17T20:39:28-07:00,0,71
index.js,2,js,1e6a364b,Franky,2025-10-17,20:39:28,-07:00,2025-10-17T20:39:28-07:00,0,0
index.js,3,js,53fdcf7d,Franky,2025-10-19,12:26:23,-07:00,2025-10-19T12:26:23-07:00,0,51
index.js,4,js,1e6a364b,Franky,2025-10-17,20:39:28,-07:00,2025-10-17T20:39:28-07:00,1,42
index.js,5,js,1e6a364b,Franky,2025-10-17,20:39:28,-07:00,2025-10-17T20:39:28-07:00,1,60
index.js,6,js,1e6a364b,Franky,2025-10-17,20:39:28,-07:00,2025-10-17T20:39:28-07:00,1,54
index.js,7,js,1e6a364b,Franky,2025-10-17,20:39:28,-07:00,2025-10-17T20:39:28-07:00,0,1
index.js,8,js,1e6a364b,Franky,2025-10-17,20:39:28,-07:00,2025-10-17T20:39:28-07:00,0,0
index.js,9,js,1e6a364b,Franky,2025-10-17,20:39:28,-07:00,2025-10-17T20:39:28-07:00,0,57
index.js,10,js,1e6a364b,Franky,2025-10-17,20:39:28,-07:00,2025-10-17T20:39:28-07:00,1,60
index.js,11,js,1e6a364b,Franky,2025-10-17,20:39:28,-07:00,2025-10-17T20:39:28-07:00,1,17
index.js,12,js,1e6a364b,Franky,2025-10-17,20:39:28,-07:00,2025-10-17T20:39:28-07:00,2,24
index.js,13,js,1e6a364b,Franky,2025-10-17,20:39:28,-07:00,2025-10-17T20:39:28-07:00,3,40
index.js,14,js,1e6a364b,Franky,2025-10-17,20:39:28,-07:00,2025-10-17T20:39:28-07:00,3,2
index.js,15,js,1e6a364b,Franky,2025-10-17,20:39:28,-07:00,2025-10-17T20:39:28-07:00,4,55
index.js,16,js,1e6a364b,Franky,2025-10-17,20:39:28,-07:00,2025-10-17T20:39:28-07:00,4,55
index.js,17,js,1e6a364b,Franky,2025-10-17,20:39:28,-07:00,2025-10-17T20:39:28-07:00,4,49
index.js,18,js,1e6a364b,Franky,2025-10-17,20:39:28,-07:00,2025-10-17T20:39:28-07:00,4,49
index.js,19,js,1e6a364b,Franky,2025-10-17,20:39:28,-07:00,2025-10-17T20:39:28-07:00,3,3
index.js,20,js,1e6a364b,Franky,2025-10-17,20:39:28,-07:00,2025-10-17T20:39:28-07:00,2,0
index.js,21,js,1e6a364b,Franky,2025-10-17,20:39:28,-07:00,2025-10-17T20:39:28-07:00,1,0
index.js,22,js,1e6a364b,Franky,2025-10-17,20:39:28,-07:00,2025-10-17T20:39:28-07:00,0,1
index.js,23,js,1e6a364b,Franky,2025-10-17,20:39:28,-07:00,2025-10-17T20:39:28-07:00,0,0
index.js,24,js,1e6a364b,Franky,2025-10-17,20:39:28,-07:00,2025-10-17T20:39:28-07:00,0,0
index.js,25,js,1e6a364b,Franky,2025-10-17,20:39:28,-07:00,2025-10-17T20:39:28-07:00,0,0
index.js,26,js,1e6a364b,Franky,2025-10-17,20:39:28,-07:00,2025-10-17T20:39:28-07:00,0,0
index.html,1,html,e6f0d920,Franky,2025-09-30,19:02:02,-07:00,2025-09-30T19:02:02-07:00,0,13
index.html,2,html,e6f0d920,Franky,2025-09-30,19:02:02,-07:00,2025-09-30T19:02:02-07:00,0,14
index.html,3,html,2928fba3,Franky,2025-10-19,12:09:58,-07:00,2025-10-19T12:09:58-07:00,0,0
index.html,4,html,e6f0d920,Franky,2025-09-30,19:02:02,-07:00,2025-09-30T19:02:02-07:00,0,4
index.html,5,html,e6f0d920,Franky,2025-09-30,19:02:02,-07:00,2025-09-30T19:02:02-07:00,2,20
index.html,6,html,e6f0d920,Franky,2025-09-30,19:02:02,-07:00,2025-09-30T19:02:02-07:00,2,68
index.html,7,html,e6f0d920,Franky,2025-09-30,19:02:02,-07:00,2025-09-30T19:02:02-07:00,2,48
index.html,8,html,65b70ad6,Franky,2025-09-30,21:05:18,-07:00,2025-09-30T21:05:18-07:00,2,38
index.html,9,html,ea2be03c,Franky,2025-10-11,12:20:22,-07:00,2025-10-11T12:20:22-07:00,2,45
index.html,10,html,e6f0d920,Franky,2025-09-30,19:02:02,-07:00,2025-09-30T19:02:02-07:00,0,5
index.html,11,html,2928fba3,Franky,2025-10-19,12:09:58,-07:00,2025-10-19T12:09:58-07:00,0,0
index.html,12,html,e6f0d920,Franky,2025-09-30,19:02:02,-07:00,2025-09-30T19:02:02-07:00,0,4
index.html,13,html,1e6a364b,Franky,2025-10-17,20:39:28,-07:00,2025-10-17T20:39:28-07:00,2,35
index.html,14,html,1e6a364b,Franky,2025-10-17,20:39:28,-07:00,2025-10-17T20:39:28-07:00,2,46
index.html,15,html,1e6a364b,Franky,2025-10-17,20:39:28,-07:00,2025-10-17T20:39:28-07:00,2,20
index.html,16,html,1e6a364b,Franky,2025-10-17,20:39:28,-07:00,2025-10-17T20:39:28-07:00,4,49
index.html,17,html,1e6a364b,Franky,2025-10-17,20:39:28,-07:00,2025-10-17T20:39:28-07:00,2,4
index.html,18,html,1e6a364b,Franky,2025-10-17,20:39:28,-07:00,2025-10-17T20:39:28-07:00,2,28
index.html,19,html,1e6a364b,Franky,2025-10-17,20:39:28,-07:00,2025-10-17T20:39:28-07:00,2,50
index.html,20,html,e6f0d920,Franky,2025-09-30,19:02:02,-07:00,2025-09-30T19:02:02-07:00,0,5
index.html,21,html,2928fba3,Franky,2025-10-19,12:09:58,-07:00,2025-10-19T12:09:58-07:00,0,0
index.html,22,html,e6f0d920,Franky,2025-09-30,19:02:02,-07:00,2025-09-30T19:02:02-07:00,0,5
global.js,1,js,ea2be03c,Franky,2025-10-11,12:20:22,-07:00,2025-10-11T12:20:22-07:00,0,15
global.js,2,js,ea2be03c,Franky,2025-10-11,12:20:22,-07:00,2025-10-11T12:20:22-07:00,1,68
global.js,3,js,2928fba3,Franky,2025-10-19,12:09:58,-07:00,2025-10-19T12:09:58-07:00,2,3
global.js,4,js,2928fba3,Franky,2025-10-19,12:09:58,-07:00,2025-10-19T12:09:58-07:00,2,14
global.js,5,js,ea2be03c,Franky,2025-10-11,12:20:22,-07:00,2025-10-11T12:20:22-07:00,0,0
global.js,6,js,ea2be03c,Franky,2025-10-11,12:20:22,-07:00,2025-10-11T12:20:22-07:00,0,11
global.js,7,js,ea2be03c,Franky,2025-10-11,12:20:22,-07:00,2025-10-11T12:20:22-07:00,1,25
global.js,8,js,ea2be03c,Franky,2025-10-11,12:20:22,-07:00,2025-10-11T12:20:22-07:00,1,38
global.js,9,js,ea2be03c,Franky,2025-10-11,12:20:22,-07:00,2025-10-11T12:20:22-07:00,1,36
global.js,10,js,ea2be03c,Franky,2025-10-11,12:20:22,-07:00,2025-10-11T12:20:22-07:00,1,32
global.js,11,js,00000000,Not Committed Yet,2025-10-31,13:28:37,-07:00,2025-10-31T13:28:37-07:00,1,30
global.js,12,js,00000000,Not Committed Yet,2025-10-31,13:28:37,-07:00,2025-10-31T13:28:37-07:00,1,62
global.js,13,js,ea2be03c,Franky,2025-10-11,12:20:22,-07:00,2025-10-11T12:20:22-07:00,0,0
global.js,14,js,ea2be03c,Franky,2025-10-11,12:20:22,-07:00,2025-10-11T12:20:22-07:00,0,0
global.js,15,js,ea2be03c,Franky,2025-10-11,12:20:22,-07:00,2025-10-11T12:20:22-07:00,0,38
global.js,16,js,ea2be03c,Franky,2025-10-11,12:20:22,-07:00,2025-10-11T12:20:22-07:00,0,25
global.js,17,js,ea2be03c,Franky,2025-10-11,12:20:22,-07:00,2025-10-11T12:20:22-07:00,0,0
global.js,18,js,ea2be03c,Franky,2025-10-11,12:20:22,-07:00,2025-10-11T12:20:22-07:00,0,20
global.js,19,js,ea2be03c,Franky,2025-10-11,12:20:22,-07:00,2025-10-11T12:20:22-07:00,1,14
global.js,20,js,ea2be03c,Franky,2025-10-11,12:20:22,-07:00,2025-10-11T12:20:22-07:00,1,18
global.js,21,js,ea2be03c,Franky,2025-10-11,12:20:22,-07:00,2025-10-11T12:20:22-07:00,1,52
global.js,22,js,ea2be03c,Franky,2025-10-11,12:20:22,-07:00,2025-10-11T12:20:22-07:00,1,34
global.js,23,js,ea2be03c,Franky,2025-10-11,12:20:22,-07:00,2025-10-11T12:20:22-07:00,1,11
global.js,24,js,ea2be03c,Franky,2025-10-11,12:20:22,-07:00,2025-10-11T12:20:22-07:00,1,20
global.js,25,js,ea2be03c,Franky,2025-10-11,12:20:22,-07:00,2025-10-11T12:20:22-07:00,1,12
global.js,26,js,ea2be03c,Franky,2025-10-11,12:20:22,-07:00,2025-10-11T12:20:22-07:00,1,17
global.js,27,js,ea2be03c,Franky,2025-10-11,12:20:22,-07:00,2025-10-11T12:20:22-07:00,2,8
global.js,28,js,2928fba3,Franky,2025-10-19,12:09:58,-07:00,2025-10-19T12:09:58-07:00,2,27
global.js,29,js,2928fba3,Franky,2025-10-19,12:09:58,-07:00,2025-10-19T12:09:58-07:00,3,70
global.js,30,js,2928fba3,Franky,2025-10-19,12:09:58,-07:00,2025-10-19T12:09:58-07:00,2,0
global.js,31,js,ea2be03c,Franky,2025-10-11,12:20:22,-07:00,2025-10-11T12:20:22-07:00,1,0
global.js,32,js,ea2be03c,Franky,2025-10-11,12:20:22,-07:00,2025-10-11T12:20:22-07:00,1,48
global.js,33,js,ea2be03c,Franky,2025-10-11,12:20:22,-07:00,2025-10-11T12:20:22-07:00,0,0
global.js,34,js,ea2be03c,Franky,2025-10-11,12:20:22,-07:00,2025-10-11T12:20:22-07:00,0,0
global.js,35,js,ea2be03c,Franky,2025-10-11,12:20:22,-07:00,2025-10-11T12:20:22-07:00,0,31
global.js,36,js,ea2be03c,Franky,2025-10-11,12:20:22,-07:00,2025-10-11T12:20:22-07:00,1,11
global.js,37,js,ea2be03c,Franky,2025-10-11,12:20:22,-07:00,2025-10-11T12:20:22-07:00,1,0
global.js,38,js,ea2be03c,Franky,2025-10-11,12:20:22,-07:00,2025-10-11T12:20:22-07:00,0,26
global.js,39,js,ea2be03c,Franky,2025-10-11,12:20:22,-07:00,2025-10-11T12:20:22-07:00,0,4
global.js,40,js,ea2be03c,Franky,2025-10-11,12:20:22,-07:00,2025-10-11T12:20:22-07:00,0,6
global.js,41,js,ea2be03c,Franky,2025-10-11,12:20:22,-07:00,2025-10-11T12:20:22-07:00,0,38
global.js,42,js,ea2be03c,Franky,2025-10-11,12:20:22,-07:00,2025-10-11T12:20:22-07:00,6,34
global.js,43,js,ea2be03c,Franky,2025-10-11,12:20:22,-07:00,2025-10-11T12:20:22-07:00,6,32
global.js,44,js,ea2be03c,Franky,2025-10-11,12:20:22,-07:00,2025-10-11T12:20:22-07:00,0,7
global.js,45,js,ea2be03c,Franky,2025-10-11,12:20:22,-07:00,2025-10-11T12:20:22-07:00,0,8
global.js,46,js,ea2be03c,Franky,2025-10-11,12:20:22,-07:00,2025-10-11T12:20:22-07:00,0,0
global.js,47,js,ea2be03c,Franky,2025-10-11,12:20:22,-07:00,2025-10-11T12:20:22-07:00,0,0
global.js,48,js,ea2be03c,Franky,2025-10-11,12:20:22,-07:00,2025-10-11T12:20:22-07:00,0,60
global.js,49,js,ea2be03c,Franky,2025-10-11,12:20:22,-07:00,2025-10-11T12:20:22-07:00,0,0
global.js,50,js,ea2be03c,Franky,2025-10-11,12:20:22,-07:00,2025-10-11T12:20:22-07:00,0,34
global.js,51,js,ea2be03c,Franky,2025-10-11,12:20:22,-07:00,2025-10-11T12:20:22-07:00,1,37
global.js,52,js,ea2be03c,Franky,2025-10-11,12:20:22,-07:00,2025-10-11T12:20:22-07:00,1,64
global.js,53,js,2928fba3,Franky,2025-10-19,12:09:58,-07:00,2025-10-19T12:09:58-07:00,1,19
global.js,54,js,ea2be03c,Franky,2025-10-11,12:20:22,-07:00,2025-10-11T12:20:22-07:00,0,0
global.js,55,js,ea2be03c,Franky,2025-10-11,12:20:22,-07:00,2025-10-11T12:20:22-07:00,0,0
global.js,56,js,ea2be03c,Franky,2025-10-11,12:20:22,-07:00,2025-10-11T12:20:22-07:00,0,49
global.js,57,js,ea2be03c,Franky,2025-10-11,12:20:22,-07:00,2025-10-11T12:20:22-07:00,1,57
global.js,58,js,ea2be03c,Franky,2025-10-11,12:20:22,-07:00,2025-10-11T12:20:22-07:00,1,77
global.js,59,js,ea2be03c,Franky,2025-10-11,12:20:22,-07:00,2025-10-11T12:20:22-07:00,1,43
global.js,60,js,ea2be03c,Franky,2025-10-11,12:20:22,-07:00,2025-10-11T12:20:22-07:00,0,1
global.js,61,js,ea2be03c,Franky,2025-10-11,12:20:22,-07:00,2025-10-11T12:20:22-07:00,0,0
global.js,62,js,1e6a364b,Franky,2025-10-17,20:39:28,-07:00,2025-10-17T20:39:28-07:00,0,36
global.js,63,js,1e6a364b,Franky,2025-10-17,20:39:28,-07:00,2025-10-17T20:39:28-07:00,1,3
global.js,64,js,1e6a364b,Franky,2025-10-17,20:39:28,-07:00,2025-10-17T20:39:28-07:00,2,39
global.js,65,js,1e6a364b,Franky,2025-10-17,20:39:28,-07:00,2025-10-17T20:39:28-07:00,2,32
global.js,66,js,1e6a364b,Franky,2025-10-17,20:39:28,-07:00,2025-10-17T20:39:28-07:00,2,17
global.js,67,js,1e6a364b,Franky,2025-10-17,20:39:28,-07:00,2025-10-17T20:39:28-07:00,3,66
global.js,68,js,2928fba3,Franky,2025-10-19,12:09:58,-07:00,2025-10-19T12:09:58-07:00,2,0
global.js,69,js,2928fba3,Franky,2025-10-19,12:09:58,-07:00,2025-10-19T12:09:58-07:00,2,33
global.js,70,js,2928fba3,Franky,2025-10-19,12:09:58,-07:00,2025-10-19T12:09:58-07:00,2,10
global.js,71,js,1e6a364b,Franky,2025-10-17,20:39:28,-07:00,2025-10-17T20:39:28-07:00,0,0
global.js,72,js,1e6a364b,Franky,2025-10-17,20:39:28,-07:00,2025-10-17T20:39:28-07:00,1,15
global.js,73,js,1e6a364b,Franky,2025-10-17,20:39:28,-07:00,2025-10-17T20:39:28-07:00,2,59
global.js,74,js,1e6a364b,Franky,2025-10-17,20:39:28,-07:00,2025-10-17T20:39:28-07:00,1,0
global.js,75,js,1e6a364b,Franky,2025-10-17,20:39:28,-07:00,2025-10-17T20:39:28-07:00,0,0
global.js,76,js,ea2be03c,Franky,2025-10-11,12:20:22,-07:00,2025-10-11T12:20:22-07:00,0,0
global.js,77,js,1e6a364b,Franky,2025-10-17,20:39:28,-07:00,2025-10-17T20:39:28-07:00,0,79
global.js,78,js,1e6a364b,Franky,2025-10-17,20:39:28,-07:00,2025-10-17T20:39:28-07:00,1,30
global.js,79,js,1e6a364b,Franky,2025-10-17,20:39:28,-07:00,2025-10-17T20:39:28-07:00,1,27
global.js,80,js,84002c00,Franky,2025-10-19,13:15:04,-07:00,2025-10-19T13:15:04-07:00,2,40
global.js,81,js,84002c00,Franky,2025-10-19,13:15:04,-07:00,2025-10-19T13:15:04-07:00,2,48
global.js,82,js,7a7c18b6,Franky,2025-10-21,21:53:59,-07:00,2025-10-21T21:53:59-07:00,2,27
global.js,83,js,11f7bf27,Franky,2025-10-21,21:55:55,-07:00,2025-10-21T21:55:55-07:00,3,18
global.js,84,js,84002c00,Franky,2025-10-19,13:15:04,-07:00,2025-10-19T13:15:04-07:00,3,37
global.js,85,js,1e6a364b,Franky,2025-10-17,20:39:28,-07:00,2025-10-17T20:39:28-07:00,2,48
global.js,86,js,1e6a364b,Franky,2025-10-17,20:39:28,-07:00,2025-10-17T20:39:28-07:00,2,19
global.js,87,js,1e6a364b,Franky,2025-10-17,20:39:28,-07:00,2025-10-17T20:39:28-07:00,3,49
global.js,88,js,c32e0e92,Franky,2025-10-19,13:03:18,-07:00,2025-10-19T13:03:18-07:00,3,22
global.js,89,js,2928fba3,Franky,2025-10-19,12:09:58,-07:00,2025-10-19T12:09:58-07:00,4,49
global.js,90,js,2928fba3,Franky,2025-10-19,12:09:58,-07:00,2025-10-19T12:09:58-07:00,3,2
global.js,91,js,1e6a364b,Franky,2025-10-17,20:39:28,-07:00,2025-10-17T20:39:28-07:00,3,58
global.js,92,js,1e6a364b,Franky,2025-10-17,20:39:28,-07:00,2025-10-17T20:39:28-07:00,3,27
global.js,93,js,1e6a364b,Franky,2025-10-17,20:39:28,-07:00,2025-10-17T20:39:28-07:00,2,0
global.js,94,js,1e6a364b,Franky,2025-10-17,20:39:28,-07:00,2025-10-17T20:39:28-07:00,2,36
global.js,95,js,1e6a364b,Franky,2025-10-17,20:39:28,-07:00,2025-10-17T20:39:28-07:00,1,1
global.js,96,js,1e6a364b,Franky,2025-10-17,20:39:28,-07:00,2025-10-17T20:39:28-07:00,0,0
global.js,97,js,1e6a364b,Franky,2025-10-17,20:39:28,-07:00,2025-10-17T20:39:28-07:00,0,0
global.js,98,js,1e6a364b,Franky,2025-10-17,20:39:28,-07:00,2025-10-17T20:39:28-07:00,0,47
global.js,99,js,1e6a364b,Franky,2025-10-17,20:39:28,-07:00,2025-10-17T20:39:28-07:00,1,59
global.js,100,js,1e6a364b,Franky,2025-10-17,20:39:28,-07:00,2025-10-17T20:39:28-07:00,0,0
global.js,101,js,ea2be03c,Franky,2025-10-11,12:20:22,-07:00,2025-10-11T12:20:22-07:00,0,0
global.js,102,js,ea2be03c,Franky,2025-10-11,12:20:22,-07:00,2025-10-11T12:20:22-07:00,0,0
projects\projects.js,1,js,1e6a364b,Franky,2025-10-17,20:39:28,-07:00,2025-10-17T20:39:28-07:00,0,55
projects\projects.js,2,js,1e6a364b,Franky,2025-10-17,20:39:28,-07:00,2025-10-17T20:39:28-07:00,0,0
projects\projects.js,3,js,c63299e7,Franky,2025-10-25,17:31:07,-07:00,2025-10-25T17:31:07-07:00,0,63
projects\projects.js,4,js,c63299e7,Franky,2025-10-25,17:31:07,-07:00,2025-10-25T17:31:07-07:00,0,0
projects\projects.js,5,js,1e6a364b,Franky,2025-10-17,20:39:28,-07:00,2025-10-17T20:39:28-07:00,0,55
projects\projects.js,6,js,1e6a364b,Franky,2025-10-17,20:39:28,-07:00,2025-10-17T20:39:28-07:00,0,0
projects\projects.js,7,js,1e6a364b,Franky,2025-10-17,20:39:28,-07:00,2025-10-17T20:39:28-07:00,0,60
projects\projects.js,8,js,1e6a364b,Franky,2025-10-17,20:39:28,-07:00,2025-10-17T20:39:28-07:00,0,0
projects\projects.js,9,js,1e6a364b,Franky,2025-10-17,20:39:28,-07:00,2025-10-17T20:39:28-07:00,0,48
projects\projects.js,10,js,1e6a364b,Franky,2025-10-17,20:39:28,-07:00,2025-10-17T20:39:28-07:00,0,0
projects\projects.js,11,js,2928fba3,Franky,2025-10-19,12:09:58,-07:00,2025-10-19T12:09:58-07:00,0,60
projects\projects.js,12,js,1e6a364b,Franky,2025-10-17,20:39:28,-07:00,2025-10-17T20:39:28-07:00,0,0
projects\projects.js,13,js,1e6a364b,Franky,2025-10-17,20:39:28,-07:00,2025-10-17T20:39:28-07:00,0,84
projects\projects.js,14,js,1e6a364b,Franky,2025-10-17,20:39:28,-07:00,2025-10-17T20:39:28-07:00,0,0
projects\projects.js,15,js,c63299e7,Franky,2025-10-25,17:31:07,-07:00,2025-10-25T17:31:07-07:00,0,57
projects\projects.js,16,js,c63299e7,Franky,2025-10-25,17:31:07,-07:00,2025-10-25T17:31:07-07:00,0,47
projects\projects.js,17,js,c63299e7,Franky,2025-10-25,17:31:07,-07:00,2025-10-25T17:31:07-07:00,0,13
projects\projects.js,18,js,c63299e7,Franky,2025-10-25,17:31:07,-07:00,2025-10-25T17:31:07-07:00,0,21
projects\projects.js,19,js,c63299e7,Franky,2025-10-25,17:31:07,-07:00,2025-10-25T17:31:07-07:00,0,0
projects\projects.js,20,js,c63299e7,Franky,2025-10-25,17:31:07,-07:00,2025-10-25T17:31:07-07:00,0,38
projects\projects.js,21,js,c63299e7,Franky,2025-10-25,17:31:07,-07:00,2025-10-25T17:31:07-07:00,0,0
projects\projects.js,22,js,c63299e7,Franky,2025-10-25,17:31:07,-07:00,2025-10-25T17:31:07-07:00,2,29
projects\projects.js,23,js,c63299e7,Franky,2025-10-25,17:31:07,-07:00,2025-10-25T17:31:07-07:00,4,12
projects\projects.js,24,js,c63299e7,Franky,2025-10-25,17:31:07,-07:00,2025-10-25T17:31:07-07:00,4,14
projects\projects.js,25,js,c63299e7,Franky,2025-10-25,17:31:07,-07:00,2025-10-25T17:31:07-07:00,4,12
projects\projects.js,26,js,c63299e7,Franky,2025-10-25,17:31:07,-07:00,2025-10-25T17:31:07-07:00,2,0
projects\projects.js,27,js,c63299e7,Franky,2025-10-25,17:31:07,-07:00,2025-10-25T17:31:07-07:00,0,0
projects\projects.js,28,js,c63299e7,Franky,2025-10-25,17:31:07,-07:00,2025-10-25T17:31:07-07:00,2,50
projects\projects.js,29,js,c63299e7,Franky,2025-10-25,17:31:07,-07:00,2025-10-25T17:31:07-07:00,4,35
projects\projects.js,30,js,c63299e7,Franky,2025-10-25,17:31:07,-07:00,2025-10-25T17:31:07-07:00,2,1
projects\projects.js,31,js,c63299e7,Franky,2025-10-25,17:31:07,-07:00,2025-10-25T17:31:07-07:00,0,0
projects\projects.js,32,js,c63299e7,Franky,2025-10-25,17:31:07,-07:00,2025-10-25T17:31:07-07:00,2,53
projects\projects.js,33,js,c63299e7,Franky,2025-10-25,17:31:07,-07:00,2025-10-25T17:31:07-07:00,2,42
projects\projects.js,34,js,c63299e7,Franky,2025-10-25,17:31:07,-07:00,2025-10-25T17:31:07-07:00,2,51
projects\projects.js,35,js,c63299e7,Franky,2025-10-25,17:31:07,-07:00,2025-10-25T17:31:07-07:00,0,0
projects\projects.js,36,js,c63299e7,Franky,2025-10-25,17:31:07,-07:00,2025-10-25T17:31:07-07:00,2,28
projects\projects.js,37,js,c63299e7,Franky,2025-10-25,17:31:07,-07:00,2025-10-25T17:31:07-07:00,2,32
projects\projects.js,38,js,c63299e7,Franky,2025-10-25,17:31:07,-07:00,2025-10-25T17:31:07-07:00,0,0
projects\projects.js,39,js,c63299e7,Franky,2025-10-25,17:31:07,-07:00,2025-10-25T17:31:07-07:00,2,32
projects\projects.js,40,js,c63299e7,Franky,2025-10-25,17:31:07,-07:00,2025-10-25T17:31:07-07:00,2,28
projects\projects.js,41,js,c63299e7,Franky,2025-10-25,17:31:07,-07:00,2025-10-25T17:31:07-07:00,0,0
projects\projects.js,42,js,c63299e7,Franky,2025-10-25,17:31:07,-07:00,2025-10-25T17:31:07-07:00,2,29
projects\projects.js,43,js,c63299e7,Franky,2025-10-25,17:31:07,-07:00,2025-10-25T17:31:07-07:00,4,29
projects\projects.js,44,js,c63299e7,Franky,2025-10-25,17:31:07,-07:00,2025-10-25T17:31:07-07:00,6,13
projects\projects.js,45,js,c63299e7,Franky,2025-10-25,17:31:07,-07:00,2025-10-25T17:31:07-07:00,6,13
projects\projects.js,46,js,c63299e7,Franky,2025-10-25,17:31:07,-07:00,2025-10-25T17:31:07-07:00,6,24
projects\projects.js,47,js,c63299e7,Franky,2025-10-25,17:31:07,-07:00,2025-10-25T17:31:07-07:00,6,53
projects\projects.js,48,js,c63299e7,Franky,2025-10-25,17:31:07,-07:00,2025-10-25T17:31:07-07:00,6,18
projects\projects.js,49,js,c63299e7,Franky,2025-10-25,17:31:07,-07:00,2025-10-25T17:31:07-07:00,8,47
projects\projects.js,50,js,c63299e7,Franky,2025-10-25,17:31:07,-07:00,2025-10-25T17:31:07-07:00,8,4
projects\projects.js,51,js,c63299e7,Franky,2025-10-25,17:31:07,-07:00,2025-10-25T17:31:07-07:00,10,16
projects\projects.js,52,js,c63299e7,Franky,2025-10-25,17:31:07,-07:00,2025-10-25T17:31:07-07:00,10,64
projects\projects.js,53,js,c63299e7,Franky,2025-10-25,17:31:07,-07:00,2025-10-25T17:31:07-07:00,8,4
projects\projects.js,54,js,c63299e7,Franky,2025-10-25,17:31:07,-07:00,2025-10-25T17:31:07-07:00,10,14
projects\projects.js,55,js,c63299e7,Franky,2025-10-25,17:31:07,-07:00,2025-10-25T17:31:07-07:00,10,64
projects\projects.js,56,js,c63299e7,Franky,2025-10-25,17:31:07,-07:00,2025-10-25T17:31:07-07:00,8,25
projects\projects.js,57,js,c63299e7,Franky,2025-10-25,17:31:07,-07:00,2025-10-25T17:31:07-07:00,10,48
projects\projects.js,58,js,c63299e7,Franky,2025-10-25,17:31:07,-07:00,2025-10-25T17:31:07-07:00,8,6
projects\projects.js,59,js,c69aa1ff,Franky,2025-10-25,17:41:48,-07:00,2025-10-25T17:41:48-07:00,10,47
projects\projects.js,60,js,c69aa1ff,Franky,2025-10-25,17:41:48,-07:00,2025-10-25T17:41:48-07:00,10,68
projects\projects.js,61,js,c63299e7,Franky,2025-10-25,17:31:07,-07:00,2025-10-25T17:31:07-07:00,10,56
projects\projects.js,62,js,c63299e7,Franky,2025-10-25,17:31:07,-07:00,2025-10-25T17:31:07-07:00,8,0
projects\projects.js,63,js,c63299e7,Franky,2025-10-25,17:31:07,-07:00,2025-10-25T17:31:07-07:00,6,1
projects\projects.js,64,js,c63299e7,Franky,2025-10-25,17:31:07,-07:00,2025-10-25T17:31:07-07:00,2,1
projects\projects.js,65,js,c63299e7,Franky,2025-10-25,17:31:07,-07:00,2025-10-25T17:31:07-07:00,2,27
projects\projects.js,66,js,c63299e7,Franky,2025-10-25,17:31:07,-07:00,2025-10-25T17:31:07-07:00,4,4
projects\projects.js,67,js,c63299e7,Franky,2025-10-25,17:31:07,-07:00,2025-10-25T17:31:07-07:00,6,11
projects\projects.js,68,js,c63299e7,Franky,2025-10-25,17:31:07,-07:00,2025-10-25T17:31:07-07:00,6,53
projects\projects.js,69,js,c63299e7,Franky,2025-10-25,17:31:07,-07:00,2025-10-25T17:31:07-07:00,6,38
projects\projects.js,70,js,c63299e7,Franky,2025-10-25,17:31:07,-07:00,2025-10-25T17:31:07-07:00,6,69
projects\projects.js,71,js,c63299e7,Franky,2025-10-25,17:31:07,-07:00,2025-10-25T17:31:07-07:00,2,1
projects\projects.js,72,js,c63299e7,Franky,2025-10-25,17:31:07,-07:00,2025-10-25T17:31:07-07:00,0,0
projects\projects.js,73,js,c63299e7,Franky,2025-10-25,17:31:07,-07:00,2025-10-25T17:31:07-07:00,0,0
projects\projects.js,74,js,c63299e7,Franky,2025-10-25,17:31:07,-07:00,2025-10-25T17:31:07-07:00,0,23
projects\projects.js,75,js,c63299e7,Franky,2025-10-25,17:31:07,-07:00,2025-10-25T17:31:07-07:00,0,0
projects\projects.js,76,js,c63299e7,Franky,2025-10-25,17:31:07,-07:00,2025-10-25T17:31:07-07:00,0,53
projects\projects.js,77,js,b351ed4e,Franky,2025-10-25,17:33:43,-07:00,2025-10-25T17:33:43-07:00,0,48
projects\projects.js,78,js,c63299e7,Franky,2025-10-25,17:31:07,-07:00,2025-10-25T17:31:07-07:00,2,17
projects\projects.js,79,js,c63299e7,Franky,2025-10-25,17:31:07,-07:00,2025-10-25T17:31:07-07:00,2,25
projects\projects.js,80,js,c63299e7,Franky,2025-10-25,17:31:07,-07:00,2025-10-25T17:31:07-07:00,2,51
projects\projects.js,81,js,c63299e7,Franky,2025-10-25,17:31:07,-07:00,2025-10-25T17:31:07-07:00,4,59
projects\projects.js,82,js,c63299e7,Franky,2025-10-25,17:31:07,-07:00,2025-10-25T17:31:07-07:00,4,42
projects\projects.js,83,js,c63299e7,Franky,2025-10-25,17:31:07,-07:00,2025-10-25T17:31:07-07:00,2,1
projects\projects.js,84,js,c63299e7,Franky,2025-10-25,17:31:07,-07:00,2025-10-25T17:31:07-07:00,0,0
projects\projects.js,85,js,c63299e7,Franky,2025-10-25,17:31:07,-07:00,2025-10-25T17:31:07-07:00,2,34
projects\projects.js,86,js,c63299e7,Franky,2025-10-25,17:31:07,-07:00,2025-10-25T17:31:07-07:00,4,42
projects\projects.js,87,js,c63299e7,Franky,2025-10-25,17:31:07,-07:00,2025-10-25T17:31:07-07:00,4,23
projects\projects.js,88,js,c63299e7,Franky,2025-10-25,17:31:07,-07:00,2025-10-25T17:31:07-07:00,2,6
projects\projects.js,89,js,c63299e7,Franky,2025-10-25,17:31:07,-07:00,2025-10-25T17:31:07-07:00,4,56
projects\projects.js,90,js,c63299e7,Franky,2025-10-25,17:31:07,-07:00,2025-10-25T17:31:07-07:00,4,31
projects\projects.js,91,js,c63299e7,Franky,2025-10-25,17:31:07,-07:00,2025-10-25T17:31:07-07:00,2,0
projects\projects.js,92,js,c63299e7,Franky,2025-10-25,17:31:07,-07:00,2025-10-25T17:31:07-07:00,0,1
projects\projects.js,93,js,1e6a364b,Franky,2025-10-17,20:39:28,-07:00,2025-10-17T20:39:28-07:00,0,0
projects\index.html,1,html,65b70ad6,Franky,2025-09-30,21:05:18,-07:00,2025-09-30T21:05:18-07:00,0,13
projects\index.html,2,html,65b70ad6,Franky,2025-09-30,21:05:18,-07:00,2025-09-30T21:05:18-07:00,0,14
projects\index.html,3,html,2928fba3,Franky,2025-10-19,12:09:58,-07:00,2025-10-19T12:09:58-07:00,0,0
projects\index.html,4,html,65b70ad6,Franky,2025-09-30,21:05:18,-07:00,2025-09-30T21:05:18-07:00,0,4
projects\index.html,5,html,65b70ad6,Franky,2025-09-30,21:05:18,-07:00,2025-09-30T21:05:18-07:00,2,20
projects\index.html,6,html,65b70ad6,Franky,2025-09-30,21:05:18,-07:00,2025-09-30T21:05:18-07:00,2,68
projects\index.html,7,html,65b70ad6,Franky,2025-09-30,21:05:18,-07:00,2025-09-30T21:05:18-07:00,2,29
projects\index.html,8,html,65b70ad6,Franky,2025-09-30,21:05:18,-07:00,2025-09-30T21:05:18-07:00,2,41
projects\index.html,9,html,2928fba3,Franky,2025-10-19,12:09:58,-07:00,2025-10-19T12:09:58-07:00,0,0
projects\index.html,10,html,65b70ad6,Franky,2025-09-30,21:05:18,-07:00,2025-09-30T21:05:18-07:00,0,5
projects\index.html,11,html,2928fba3,Franky,2025-10-19,12:09:58,-07:00,2025-10-19T12:09:58-07:00,0,0
projects\index.html,12,html,65b70ad6,Franky,2025-09-30,21:05:18,-07:00,2025-09-30T21:05:18-07:00,0,4
projects\index.html,13,html,dce7a985,Franky,2025-10-25,17:35:59,-07:00,2025-10-25T17:35:59-07:00,2,38
projects\index.html,14,html,c63299e7,Franky,2025-10-25,17:31:07,-07:00,2025-10-25T17:31:07-07:00,2,21
projects\index.html,15,html,c63299e7,Franky,2025-10-25,17:31:07,-07:00,2025-10-25T17:31:07-07:00,4,58
projects\index.html,16,html,c63299e7,Franky,2025-10-25,17:31:07,-07:00,2025-10-25T17:31:07-07:00,4,22
projects\index.html,17,html,c63299e7,Franky,2025-10-25,17:31:07,-07:00,2025-10-25T17:31:07-07:00,2,4
projects\index.html,18,html,c63299e7,Franky,2025-10-25,17:31:07,-07:00,2025-10-25T17:31:07-07:00,2,99
projects\index.html,19,html,2529a682,Franky,2025-10-04,22:32:24,-07:00,2025-10-04T22:32:24-07:00,2,20
projects\index.html,20,html,1e6a364b,Franky,2025-10-17,20:39:28,-07:00,2025-10-17T20:39:28-07:00,0,0
projects\index.html,21,html,2928fba3,Franky,2025-10-19,12:09:58,-07:00,2025-10-19T12:09:58-07:00,4,48
projects\index.html,22,html,2928fba3,Franky,2025-10-19,12:09:58,-07:00,2025-10-19T12:09:58-07:00,4,47
projects\index.html,23,html,1e6a364b,Franky,2025-10-17,20:39:28,-07:00,2025-10-17T20:39:28-07:00,0,0
projects\index.html,24,html,2529a682,Franky,2025-10-04,22:32:24,-07:00,2025-10-04T22:32:24-07:00,2,4
projects\index.html,25,html,c63299e7,Franky,2025-10-25,17:31:07,-07:00,2025-10-25T17:31:07-07:00,0,0
projects\index.html,26,html,65b70ad6,Franky,2025-09-30,21:05:18,-07:00,2025-09-30T21:05:18-07:00,0,5
projects\index.html,27,html,2928fba3,Franky,2025-10-19,12:09:58,-07:00,2025-10-19T12:09:58-07:00,0,0
projects\index.html,28,html,65b70ad6,Franky,2025-09-30,21:05:18,-07:00,2025-09-30T21:05:18-07:00,0,5
projects\wip\index.html,1,html,2928fba3,Franky,2025-10-19,12:09:58,-07:00,2025-10-19T12:09:58-07:00,0,13
projects\wip\index.html,2,html,2928fba3,Franky,2025-10-19,12:09:58,-07:00,2025-10-19T12:09:58-07:00,0,14
projects\wip\index.html,3,html,2928fba3,Franky,2025-10-19,12:09:58,-07:00,2025-10-19T12:09:58-07:00,0,0
projects\wip\index.html,4,html,2928fba3,Franky,2025-10-19,12:09:58,-07:00,2025-10-19T12:09:58-07:00,0,4
projects\wip\index.html,5,html,2928fba3,Franky,2025-10-19,12:09:58,-07:00,2025-10-19T12:09:58-07:00,2,20
projects\wip\index.html,6,html,2928fba3,Franky,2025-10-19,12:09:58,-07:00,2025-10-19T12:09:58-07:00,2,68
projects\wip\index.html,7,html,2928fba3,Franky,2025-10-19,12:09:58,-07:00,2025-10-19T12:09:58-07:00,2,60
projects\wip\index.html,8,html,2928fba3,Franky,2025-10-19,12:09:58,-07:00,2025-10-19T12:09:58-07:00,2,44
projects\wip\index.html,9,html,2928fba3,Franky,2025-10-19,12:09:58,-07:00,2025-10-19T12:09:58-07:00,2,54
projects\wip\index.html,10,html,2928fba3,Franky,2025-10-19,12:09:58,-07:00,2025-10-19T12:09:58-07:00,0,5
projects\wip\index.html,11,html,2928fba3,Franky,2025-10-19,12:09:58,-07:00,2025-10-19T12:09:58-07:00,0,0
projects\wip\index.html,12,html,2928fba3,Franky,2025-10-19,12:09:58,-07:00,2025-10-19T12:09:58-07:00,0,23
projects\wip\index.html,13,html,2928fba3,Franky,2025-10-19,12:09:58,-07:00,2025-10-19T12:09:58-07:00,2,26
projects\wip\index.html,14,html,2928fba3,Franky,2025-10-19,12:09:58,-07:00,2025-10-19T12:09:58-07:00,4,38
projects\wip\index.html,15,html,2928fba3,Franky,2025-10-19,12:09:58,-07:00,2025-10-19T12:09:58-07:00,2,4
projects\wip\index.html,16,html,2928fba3,Franky,2025-10-19,12:09:58,-07:00,2025-10-19T12:09:58-07:00,2,38
projects\wip\index.html,17,html,2928fba3,Franky,2025-10-19,12:09:58,-07:00,2025-10-19T12:09:58-07:00,0,0
projects\wip\index.html,18,html,2928fba3,Franky,2025-10-19,12:09:58,-07:00,2025-10-19T12:09:58-07:00,0,5
projects\ethical_design\index.html,1,html,2928fba3,Franky,2025-10-19,12:09:58,-07:00,2025-10-19T12:09:58-07:00,0,13
projects\ethical_design\index.html,2,html,2928fba3,Franky,2025-10-19,12:09:58,-07:00,2025-10-19T12:09:58-07:00,0,14
projects\ethical_design\index.html,3,html,2928fba3,Franky,2025-10-19,12:09:58,-07:00,2025-10-19T12:09:58-07:00,0,0
projects\ethical_design\index.html,4,html,2928fba3,Franky,2025-10-19,12:09:58,-07:00,2025-10-19T12:09:58-07:00,0,4
projects\ethical_design\index.html,5,html,2928fba3,Franky,2025-10-19,12:09:58,-07:00,2025-10-19T12:09:58-07:00,1,20
projects\ethical_design\index.html,6,html,2928fba3,Franky,2025-10-19,12:09:58,-07:00,2025-10-19T12:09:58-07:00,1,68
projects\ethical_design\index.html,7,html,2928fba3,Franky,2025-10-19,12:09:58,-07:00,2025-10-19T12:09:58-07:00,1,60
projects\ethical_design\index.html,8,html,2928fba3,Franky,2025-10-19,12:09:58,-07:00,2025-10-19T12:09:58-07:00,1,44
projects\ethical_design\index.html,9,html,2928fba3,Franky,2025-10-19,12:09:58,-07:00,2025-10-19T12:09:58-07:00,1,57
projects\ethical_design\index.html,10,html,2928fba3,Franky,2025-10-19,12:09:58,-07:00,2025-10-19T12:09:58-07:00,0,5
projects\ethical_design\index.html,11,html,2928fba3,Franky,2025-10-19,12:09:58,-07:00,2025-10-19T12:09:58-07:00,0,0
projects\ethical_design\index.html,12,html,2928fba3,Franky,2025-10-19,12:09:58,-07:00,2025-10-19T12:09:58-07:00,0,23
projects\ethical_design\index.html,13,html,2928fba3,Franky,2025-10-19,12:09:58,-07:00,2025-10-19T12:09:58-07:00,1,26
projects\ethical_design\index.html,14,html,2928fba3,Franky,2025-10-19,12:09:58,-07:00,2025-10-19T12:09:58-07:00,2,38
projects\ethical_design\index.html,15,html,2928fba3,Franky,2025-10-19,12:09:58,-07:00,2025-10-19T12:09:58-07:00,1,4
projects\ethical_design\index.html,16,html,2928fba3,Franky,2025-10-19,12:09:58,-07:00,2025-10-19T12:09:58-07:00,1,71
projects\ethical_design\index.html,17,html,2928fba3,Franky,2025-10-19,12:09:58,-07:00,2025-10-19T12:09:58-07:00,1,63
projects\ethical_design\index.html,18,html,2928fba3,Franky,2025-10-19,12:09:58,-07:00,2025-10-19T12:09:58-07:00,1,108
projects\ethical_design\index.html,19,html,d8f3ddf6,Franky,2025-10-19,13:18:52,-07:00,2025-10-19T13:18:52-07:00,2,46
projects\ethical_design\index.html,20,html,2928fba3,Franky,2025-10-19,12:09:58,-07:00,2025-10-19T12:09:58-07:00,1,102
projects\ethical_design\index.html,21,html,2928fba3,Franky,2025-10-19,12:09:58,-07:00,2025-10-19T12:09:58-07:00,2,108
projects\ethical_design\index.html,22,html,7d99e706,Franky,2025-10-21,19:52:43,-07:00,2025-10-21T19:52:43-07:00,2,112
projects\ethical_design\index.html,23,html,7d99e706,Franky,2025-10-21,19:52:43,-07:00,2025-10-21T19:52:43-07:00,2,220
projects\ethical_design\index.html,24,html,2928fba3,Franky,2025-10-19,12:09:58,-07:00,2025-10-19T12:09:58-07:00,2,2
projects\ethical_design\index.html,25,html,7d99e706,Franky,2025-10-21,19:52:43,-07:00,2025-10-21T19:52:43-07:00,2,60
projects\ethical_design\index.html,26,html,2928fba3,Franky,2025-10-19,12:09:58,-07:00,2025-10-19T12:09:58-07:00,1,100
projects\ethical_design\index.html,27,html,2928fba3,Franky,2025-10-19,12:09:58,-07:00,2025-10-19T12:09:58-07:00,2,60
projects\ethical_design\index.html,28,html,2928fba3,Franky,2025-10-19,12:09:58,-07:00,2025-10-19T12:09:58-07:00,1,2
projects\ethical_design\index.html,29,html,2928fba3,Franky,2025-10-19,12:09:58,-07:00,2025-10-19T12:09:58-07:00,1,14
projects\ethical_design\index.html,30,html,2928fba3,Franky,2025-10-19,12:09:58,-07:00,2025-10-19T12:09:58-07:00,1,59
projects\ethical_design\index.html,31,html,2928fba3,Franky,2025-10-19,12:09:58,-07:00,2025-10-19T12:09:58-07:00,1,14
projects\ethical_design\index.html,32,html,2928fba3,Franky,2025-10-19,12:09:58,-07:00,2025-10-19T12:09:58-07:00,1,59
projects\ethical_design\index.html,33,html,2928fba3,Franky,2025-10-19,12:09:58,-07:00,2025-10-19T12:09:58-07:00,1,113
projects\ethical_design\index.html,34,html,2928fba3,Franky,2025-10-19,12:09:58,-07:00,2025-10-19T12:09:58-07:00,2,17
projects\ethical_design\index.html,35,html,2928fba3,Franky,2025-10-19,12:09:58,-07:00,2025-10-19T12:09:58-07:00,2,112
projects\ethical_design\index.html,36,html,2928fba3,Franky,2025-10-19,12:09:58,-07:00,2025-10-19T12:09:58-07:00,2,110
projects\ethical_design\index.html,37,html,2928fba3,Franky,2025-10-19,12:09:58,-07:00,2025-10-19T12:09:58-07:00,2,4
projects\ethical_design\index.html,38,html,2928fba3,Franky,2025-10-19,12:09:58,-07:00,2025-10-19T12:09:58-07:00,2,102
projects\ethical_design\index.html,39,html,2928fba3,Franky,2025-10-19,12:09:58,-07:00,2025-10-19T12:09:58-07:00,2,16
projects\ethical_design\index.html,40,html,2928fba3,Franky,2025-10-19,12:09:58,-07:00,2025-10-19T12:09:58-07:00,2,35
projects\ethical_design\index.html,41,html,2928fba3,Franky,2025-10-19,12:09:58,-07:00,2025-10-19T12:09:58-07:00,1,2
projects\ethical_design\index.html,42,html,2928fba3,Franky,2025-10-19,12:09:58,-07:00,2025-10-19T12:09:58-07:00,1,113
projects\ethical_design\index.html,43,html,2928fba3,Franky,2025-10-19,12:09:58,-07:00,2025-10-19T12:09:58-07:00,2,21
projects\ethical_design\index.html,44,html,2928fba3,Franky,2025-10-19,12:09:58,-07:00,2025-10-19T12:09:58-07:00,2,6
projects\ethical_design\index.html,45,html,2928fba3,Franky,2025-10-19,12:09:58,-07:00,2025-10-19T12:09:58-07:00,1,2
projects\ethical_design\index.html,46,html,2928fba3,Franky,2025-10-19,12:09:58,-07:00,2025-10-19T12:09:58-07:00,1,107
projects\ethical_design\index.html,47,html,2928fba3,Franky,2025-10-19,12:09:58,-07:00,2025-10-19T12:09:58-07:00,2,56
projects\ethical_design\index.html,48,html,2928fba3,Franky,2025-10-19,12:09:58,-07:00,2025-10-19T12:09:58-07:00,1,2
projects\ethical_design\index.html,49,html,2928fba3,Franky,2025-10-19,12:09:58,-07:00,2025-10-19T12:09:58-07:00,1,14
projects\ethical_design\index.html,50,html,2928fba3,Franky,2025-10-19,12:09:58,-07:00,2025-10-19T12:09:58-07:00,1,59
projects\ethical_design\index.html,51,html,2928fba3,Franky,2025-10-19,12:09:58,-07:00,2025-10-19T12:09:58-07:00,1,14
projects\ethical_design\index.html,52,html,2928fba3,Franky,2025-10-19,12:09:58,-07:00,2025-10-19T12:09:58-07:00,1,59
projects\ethical_design\index.html,53,html,2928fba3,Franky,2025-10-19,12:09:58,-07:00,2025-10-19T12:09:58-07:00,1,108
projects\ethical_design\index.html,54,html,2928fba3,Franky,2025-10-19,12:09:58,-07:00,2025-10-19T12:09:58-07:00,2,23
projects\ethical_design\index.html,55,html,2928fba3,Franky,2025-10-19,12:09:58,-07:00,2025-10-19T12:09:58-07:00,2,98
projects\ethical_design\index.html,56,html,2928fba3,Franky,2025-10-19,12:09:58,-07:00,2025-10-19T12:09:58-07:00,1,2
projects\ethical_design\index.html,57,html,2928fba3,Franky,2025-10-19,12:09:58,-07:00,2025-10-19T12:09:58-07:00,1,114
projects\ethical_design\index.html,58,html,2928fba3,Franky,2025-10-19,12:09:58,-07:00,2025-10-19T12:09:58-07:00,2,20
projects\ethical_design\index.html,59,html,2928fba3,Franky,2025-10-19,12:09:58,-07:00,2025-10-19T12:09:58-07:00,2,101
projects\ethical_design\index.html,60,html,2928fba3,Franky,2025-10-19,12:09:58,-07:00,2025-10-19T12:09:58-07:00,2,105
projects\ethical_design\index.html,61,html,2928fba3,Franky,2025-10-19,12:09:58,-07:00,2025-10-19T12:09:58-07:00,2,114
projects\ethical_design\index.html,62,html,2928fba3,Franky,2025-10-19,12:09:58,-07:00,2025-10-19T12:09:58-07:00,2,111
projects\ethical_design\index.html,63,html,2928fba3,Franky,2025-10-19,12:09:58,-07:00,2025-10-19T12:09:58-07:00,2,108
projects\ethical_design\index.html,64,html,2928fba3,Franky,2025-10-19,12:09:58,-07:00,2025-10-19T12:09:58-07:00,2,112
projects\ethical_design\index.html,65,html,2928fba3,Franky,2025-10-19,12:09:58,-07:00,2025-10-19T12:09:58-07:00,2,110
projects\ethical_design\index.html,66,html,2928fba3,Franky,2025-10-19,12:09:58,-07:00,2025-10-19T12:09:58-07:00,2,113
projects\ethical_design\index.html,67,html,2928fba3,Franky,2025-10-19,12:09:58,-07:00,2025-10-19T12:09:58-07:00,2,109
projects\ethical_design\index.html,68,html,2928fba3,Franky,2025-10-19,12:09:58,-07:00,2025-10-19T12:09:58-07:00,2,88
projects\ethical_design\index.html,69,html,2928fba3,Franky,2025-10-19,12:09:58,-07:00,2025-10-19T12:09:58-07:00,1,116
projects\ethical_design\index.html,70,html,2928fba3,Franky,2025-10-19,12:09:58,-07:00,2025-10-19T12:09:58-07:00,2,16
projects\ethical_design\index.html,71,html,2928fba3,Franky,2025-10-19,12:09:58,-07:00,2025-10-19T12:09:58-07:00,2,111
projects\ethical_design\index.html,72,html,2928fba3,Franky,2025-10-19,12:09:58,-07:00,2025-10-19T12:09:58-07:00,2,111
projects\ethical_design\index.html,73,html,2928fba3,Franky,2025-10-19,12:09:58,-07:00,2025-10-19T12:09:58-07:00,2,112
projects\ethical_design\index.html,74,html,2928fba3,Franky,2025-10-19,12:09:58,-07:00,2025-10-19T12:09:58-07:00,2,110
projects\ethical_design\index.html,75,html,2928fba3,Franky,2025-10-19,12:09:58,-07:00,2025-10-19T12:09:58-07:00,2,50
projects\ethical_design\index.html,76,html,2928fba3,Franky,2025-10-19,12:09:58,-07:00,2025-10-19T12:09:58-07:00,1,112
projects\ethical_design\index.html,77,html,2928fba3,Franky,2025-10-19,12:09:58,-07:00,2025-10-19T12:09:58-07:00,2,12
projects\ethical_design\index.html,78,html,2928fba3,Franky,2025-10-19,12:09:58,-07:00,2025-10-19T12:09:58-07:00,2,114
projects\ethical_design\index.html,79,html,2928fba3,Franky,2025-10-19,12:09:58,-07:00,2025-10-19T12:09:58-07:00,2,112
projects\ethical_design\index.html,80,html,2928fba3,Franky,2025-10-19,12:09:58,-07:00,2025-10-19T12:09:58-07:00,2,112
projects\ethical_design\index.html,81,html,2928fba3,Franky,2025-10-19,12:09:58,-07:00,2025-10-19T12:09:58-07:00,2,113
projects\ethical_design\index.html,82,html,2928fba3,Franky,2025-10-19,12:09:58,-07:00,2025-10-19T12:09:58-07:00,2,110
projects\ethical_design\index.html,83,html,2928fba3,Franky,2025-10-19,12:09:58,-07:00,2025-10-19T12:09:58-07:00,2,34
projects\ethical_design\index.html,84,html,2928fba3,Franky,2025-10-19,12:09:58,-07:00,2025-10-19T12:09:58-07:00,1,107
projects\ethical_design\index.html,85,html,2928fba3,Franky,2025-10-19,12:09:58,-07:00,2025-10-19T12:09:58-07:00,2,21
projects\ethical_design\index.html,86,html,2928fba3,Franky,2025-10-19,12:09:58,-07:00,2025-10-19T12:09:58-07:00,2,114
projects\ethical_design\index.html,87,html,2928fba3,Franky,2025-10-19,12:09:58,-07:00,2025-10-19T12:09:58-07:00,2,108
projects\ethical_design\index.html,88,html,2928fba3,Franky,2025-10-19,12:09:58,-07:00,2025-10-19T12:09:58-07:00,2,114
projects\ethical_design\index.html,89,html,2928fba3,Franky,2025-10-19,12:09:58,-07:00,2025-10-19T12:09:58-07:00,2,111
projects\ethical_design\index.html,90,html,2928fba3,Franky,2025-10-19,12:09:58,-07:00,2025-10-19T12:09:58-07:00,2,113
projects\ethical_design\index.html,91,html,2928fba3,Franky,2025-10-19,12:09:58,-07:00,2025-10-19T12:09:58-07:00,2,22
projects\ethical_design\index.html,92,html,2928fba3,Franky,2025-10-19,12:09:58,-07:00,2025-10-19T12:09:58-07:00,0,0
projects\ethical_design\index.html,93,html,2928fba3,Franky,2025-10-19,12:09:58,-07:00,2025-10-19T12:09:58-07:00,0,5
contact\index.html,1,html,65b70ad6,Franky,2025-09-30,21:05:18,-07:00,2025-09-30T21:05:18-07:00,0,13
contact\index.html,2,html,65b70ad6,Franky,2025-09-30,21:05:18,-07:00,2025-09-30T21:05:18-07:00,0,14
contact\index.html,3,html,2928fba3,Franky,2025-10-19,12:09:58,-07:00,2025-10-19T12:09:58-07:00,0,0
contact\index.html,4,html,65b70ad6,Franky,2025-09-30,21:05:18,-07:00,2025-09-30T21:05:18-07:00,0,4
contact\index.html,5,html,65b70ad6,Franky,2025-09-30,21:05:18,-07:00,2025-09-30T21:05:18-07:00,2,20
contact\index.html,6,html,65b70ad6,Franky,2025-09-30,21:05:18,-07:00,2025-09-30T21:05:18-07:00,2,68
contact\index.html,7,html,65b70ad6,Franky,2025-09-30,21:05:18,-07:00,2025-09-30T21:05:18-07:00,2,28
contact\index.html,8,html,65b70ad6,Franky,2025-09-30,21:05:18,-07:00,2025-09-30T21:05:18-07:00,2,41
contact\index.html,9,html,ea2be03c,Franky,2025-10-11,12:20:22,-07:00,2025-10-11T12:20:22-07:00,2,48
contact\index.html,10,html,65b70ad6,Franky,2025-09-30,21:05:18,-07:00,2025-09-30T21:05:18-07:00,0,5
contact\index.html,11,html,2928fba3,Franky,2025-10-19,12:09:58,-07:00,2025-10-19T12:09:58-07:00,0,0
contact\index.html,12,html,65b70ad6,Franky,2025-09-30,21:05:18,-07:00,2025-09-30T21:05:18-07:00,0,4
contact\index.html,13,html,2928fba3,Franky,2025-10-19,12:09:58,-07:00,2025-10-19T12:09:58-07:00,2,35
contact\index.html,14,html,65b70ad6,Franky,2025-09-30,21:05:18,-07:00,2025-09-30T21:05:18-07:00,2,70
contact\index.html,15,html,2928fba3,Franky,2025-10-19,12:09:58,-07:00,2025-10-19T12:09:58-07:00,4,5
contact\index.html,16,html,2928fba3,Franky,2025-10-19,12:09:58,-07:00,2025-10-19T12:09:58-07:00,6,4
contact\index.html,17,html,2928fba3,Franky,2025-10-19,12:09:58,-07:00,2025-10-19T12:09:58-07:00,6,42
contact\index.html,18,html,2928fba3,Franky,2025-10-19,12:09:58,-07:00,2025-10-19T12:09:58-07:00,4,6
contact\index.html,19,html,2928fba3,Franky,2025-10-19,12:09:58,-07:00,2025-10-19T12:09:58-07:00,4,5
contact\index.html,20,html,2928fba3,Franky,2025-10-19,12:09:58,-07:00,2025-10-19T12:09:58-07:00,6,3
contact\index.html,21,html,2928fba3,Franky,2025-10-19,12:09:58,-07:00,2025-10-19T12:09:58-07:00,6,26
contact\index.html,22,html,2928fba3,Franky,2025-10-19,12:09:58,-07:00,2025-10-19T12:09:58-07:00,4,6
contact\index.html,23,html,2928fba3,Franky,2025-10-19,12:09:58,-07:00,2025-10-19T12:09:58-07:00,4,5
contact\index.html,24,html,2928fba3,Franky,2025-10-19,12:09:58,-07:00,2025-10-19T12:09:58-07:00,6,3
contact\index.html,25,html,2928fba3,Franky,2025-10-19,12:09:58,-07:00,2025-10-19T12:09:58-07:00,6,40
contact\index.html,26,html,2928fba3,Franky,2025-10-19,12:09:58,-07:00,2025-10-19T12:09:58-07:00,4,6
contact\index.html,27,html,2928fba3,Franky,2025-10-19,12:09:58,-07:00,2025-10-19T12:09:58-07:00,4,21
contact\index.html,28,html,65b70ad6,Franky,2025-09-30,21:05:18,-07:00,2025-09-30T21:05:18-07:00,2,5
contact\index.html,29,html,65b70ad6,Franky,2025-09-30,21:05:18,-07:00,2025-09-30T21:05:18-07:00,0,5
contact\index.html,30,html,2928fba3,Franky,2025-10-19,12:09:58,-07:00,2025-10-19T12:09:58-07:00,0,0
contact\index.html,31,html,65b70ad6,Franky,2025-09-30,21:05:18,-07:00,2025-09-30T21:05:18-07:00,0,5
about\index.html,1,html,65b70ad6,Franky,2025-09-30,21:05:18,-07:00,2025-09-30T21:05:18-07:00,0,13
about\index.html,2,html,65b70ad6,Franky,2025-09-30,21:05:18,-07:00,2025-09-30T21:05:18-07:00,0,14
about\index.html,3,html,2928fba3,Franky,2025-10-19,12:09:58,-07:00,2025-10-19T12:09:58-07:00,0,0
about\index.html,4,html,65b70ad6,Franky,2025-09-30,21:05:18,-07:00,2025-09-30T21:05:18-07:00,0,4
about\index.html,5,html,65b70ad6,Franky,2025-09-30,21:05:18,-07:00,2025-09-30T21:05:18-07:00,2,20
about\index.html,6,html,65b70ad6,Franky,2025-09-30,21:05:18,-07:00,2025-09-30T21:05:18-07:00,2,68
about\index.html,7,html,65b70ad6,Franky,2025-09-30,21:05:18,-07:00,2025-09-30T21:05:18-07:00,2,26
about\index.html,8,html,65b70ad6,Franky,2025-09-30,21:05:18,-07:00,2025-09-30T21:05:18-07:00,2,41
about\index.html,9,html,ea2be03c,Franky,2025-10-11,12:20:22,-07:00,2025-10-11T12:20:22-07:00,2,48
about\index.html,10,html,65b70ad6,Franky,2025-09-30,21:05:18,-07:00,2025-09-30T21:05:18-07:00,0,5
about\index.html,11,html,2928fba3,Franky,2025-10-19,12:09:58,-07:00,2025-10-19T12:09:58-07:00,0,0
about\index.html,12,html,65b70ad6,Franky,2025-09-30,21:05:18,-07:00,2025-09-30T21:05:18-07:00,0,4
about\index.html,13,html,2529a682,Franky,2025-10-04,22:32:24,-07:00,2025-10-04T22:32:24-07:00,2,17
about\index.html,14,html,2928fba3,Franky,2025-10-19,12:09:58,-07:00,2025-10-19T12:09:58-07:00,4,7
about\index.html,15,html,2928fba3,Franky,2025-10-19,12:09:58,-07:00,2025-10-19T12:09:58-07:00,6,15
about\index.html,16,html,2928fba3,Franky,2025-10-19,12:09:58,-07:00,2025-10-19T12:09:58-07:00,6,82
about\index.html,17,html,2928fba3,Franky,2025-10-19,12:09:58,-07:00,2025-10-19T12:09:58-07:00,4,8
about\index.html,18,html,2928fba3,Franky,2025-10-19,12:09:58,-07:00,2025-10-19T12:09:58-07:00,4,7
about\index.html,19,html,2928fba3,Franky,2025-10-19,12:09:58,-07:00,2025-10-19T12:09:58-07:00,6,16
about\index.html,20,html,2928fba3,Franky,2025-10-19,12:09:58,-07:00,2025-10-19T12:09:58-07:00,6,7
about\index.html,21,html,2928fba3,Franky,2025-10-19,12:09:58,-07:00,2025-10-19T12:09:58-07:00,8,52
about\index.html,22,html,2928fba3,Franky,2025-10-19,12:09:58,-07:00,2025-10-19T12:09:58-07:00,12,42
about\index.html,23,html,2928fba3,Franky,2025-10-19,12:09:58,-07:00,2025-10-19T12:09:58-07:00,8,36
about\index.html,24,html,2928fba3,Franky,2025-10-19,12:09:58,-07:00,2025-10-19T12:09:58-07:00,6,8
about\index.html,25,html,2928fba3,Franky,2025-10-19,12:09:58,-07:00,2025-10-19T12:09:58-07:00,6,7
about\index.html,26,html,2928fba3,Franky,2025-10-19,12:09:58,-07:00,2025-10-19T12:09:58-07:00,8,62
about\index.html,27,html,2928fba3,Franky,2025-10-19,12:09:58,-07:00,2025-10-19T12:09:58-07:00,12,42
about\index.html,28,html,2928fba3,Franky,2025-10-19,12:09:58,-07:00,2025-10-19T12:09:58-07:00,8,39
about\index.html,29,html,2928fba3,Franky,2025-10-19,12:09:58,-07:00,2025-10-19T12:09:58-07:00,6,8
about\index.html,30,html,2928fba3,Franky,2025-10-19,12:09:58,-07:00,2025-10-19T12:09:58-07:00,4,8
about\index.html,31,html,2928fba3,Franky,2025-10-19,12:09:58,-07:00,2025-10-19T12:09:58-07:00,4,7
about\index.html,32,html,2928fba3,Franky,2025-10-19,12:09:58,-07:00,2025-10-19T12:09:58-07:00,6,22
about\index.html,33,html,2928fba3,Franky,2025-10-19,12:09:58,-07:00,2025-10-19T12:09:58-07:00,6,7
about\index.html,34,html,2928fba3,Franky,2025-10-19,12:09:58,-07:00,2025-10-19T12:09:58-07:00,8,47
about\index.html,35,html,2928fba3,Franky,2025-10-19,12:09:58,-07:00,2025-10-19T12:09:58-07:00,12,42
about\index.html,36,html,2928fba3,Franky,2025-10-19,12:09:58,-07:00,2025-10-19T12:09:58-07:00,8,2
about\index.html,37,html,2928fba3,Franky,2025-10-19,12:09:58,-07:00,2025-10-19T12:09:58-07:00,10,36
about\index.html,38,html,2928fba3,Franky,2025-10-19,12:09:58,-07:00,2025-10-19T12:09:58-07:00,10,25
about\index.html,39,html,2928fba3,Franky,2025-10-19,12:09:58,-07:00,2025-10-19T12:09:58-07:00,10,22
about\index.html,40,html,2928fba3,Franky,2025-10-19,12:09:58,-07:00,2025-10-19T12:09:58-07:00,8,3
about\index.html,41,html,2928fba3,Franky,2025-10-19,12:09:58,-07:00,2025-10-19T12:09:58-07:00,6,8
about\index.html,42,html,2928fba3,Franky,2025-10-19,12:09:58,-07:00,2025-10-19T12:09:58-07:00,4,8
about\index.html,43,html,2529a682,Franky,2025-10-04,22:32:24,-07:00,2025-10-04T22:32:24-07:00,2,4
about\index.html,44,html,65b70ad6,Franky,2025-09-30,21:05:18,-07:00,2025-09-30T21:05:18-07:00,0,5
about\index.html,45,html,2928fba3,Franky,2025-10-19,12:09:58,-07:00,2025-10-19T12:09:58-07:00,0,0
about\index.html,46,html,65b70ad6,Franky,2025-09-30,21:05:18,-07:00,2025-09-30T21:05:18-07:00,0,5
